"Category","Code","Name","Width (mm)","Width1 (mm)","Width2 (mm)","Thickness (mm)","Diameter (mm)","Depth (mm)","Flange Thickness (mm)","Web Thickness (mm)","Length (mm)","Weight (kg/m)","Length Options (m)","Grade","Standard","Coating","Price per kg ($)","Price per m ($)","Surface Area (m²/m)","Supplier","Available Lengths (m)","Sheet Size (mm)","Outside Diameter (mm)","Inside Diameter (mm)","Corner Radius (mm)","Wall Thickness (mm)","Nominal Size","Finish Options","Mass per Unit (kg)","Active"
"Structural Channels","SC125065","Mild Steel Channel 125x65x7.5mm","125.00","","","7.50","","65.00","7.50","4.70","","11.900","6.0;9.0;12.0","G300","AS3679.1","","","","0.61","ASMUSS","","","","","","","","","","true"
"Cold Formed Channels","SC051025CF","Cold Formed Channel 50x25x3mm","50.00","","","3.00","","25.00","3.00","3.00","","2.310","6","HA-250","AS1594","","","","0.24","ASMUSS","","","","","","","","","","true"
"Universal Columns","SUC150037","Universal Column 162x154x37mm","162.00","","","37.00","","154.00","11.50","8.10","","37.200","6.0;9.0;10.5;12.0;15.0;18.0","G300SO","AS3679.1","","","","0.89","ASMUSS","","","","","","","","","","true"
"Duragal Angles","DGA05025","Duragal Angle 50x50x2.5mm","50.00","","","2.50","","","","","","1.810","6","350","TS100","","","","0.20","ASMUSS","","","","","","","","","","true"
"Duragal Angles","DGA05050","Duragal Angle 50x50x5mm","50.00","","","5.00","","","","","","3.420","6","450","TS100","","","","0.19","ASMUSS","","","","","","","","","","true"
"Reinforcing Grade 300","SRD16","Grade 300 Reinforcing Bar 16mm","","","","","16.00","","","","","1.580","6","300","AS/NZS 4671","","","","0.05","ASMUSS","","","","","","","","","","true"
"Reinforcing Grade 300","SRD20","Grade 300 Reinforcing Bar 20mm","","","","","20.00","","","","","2.470","6","300","AS/NZS 4671","","","","0.06","ASMUSS","","","","","","","","","","true"
"Reinforcing Grade 500","SRHD16","Grade 500 Reinforcing Bar 16mm","","","","","16.00","","","","","1.580","6","500","AS/NZS 4671","","","","0.05","ASMUSS","","","","","","","","","","true"
"Reid Bar","SRRB12","Reid Bar 12mm","","","","","12.00","","","","","0.890","6","500E","AS/NZS 4671","","","","0.04","ASMUSS","","","","","","","","","","true"
"Reinforcing Grade 500","SRHD12","Grade 500 Reinforcing Bar 12mm","","","","","12.00","","","","","0.890","6","500","AS/NZS 4671","","","","0.04","ASMUSS","","","","","","","","","","true"
"Flats","SF06012","Mild Steel Flat 60x12mm","60.00","","","12.00","","","","","","5.650","6","300","AS/NZS 3679.1-300","","","","0.14","ASMUSS","","","","","","","","","","true"
"Flats","SF25016","Mild Steel Flat 250x16mm","250.00","","","16.00","","","","","","31.400","6","300","AS/NZS 3679.1-300","","","","0.53","ASMUSS","","","","","","","","","","true"
"Flats","SF25020","Mild Steel Flat 250x20mm","250.00","","","20.00","","","","","","39.250","6","300","AS/NZS 3679.1-300","","","","0.54","ASMUSS","","","","","","","","","","true"
"Flats","SF25025","Mild Steel Flat 250x25mm","250.00","","","25.00","","","","","","49.060","6","300","AS/NZS 3679.1-300","","","","0.55","ASMUSS","","","","","","","","","","true"
"Flats","SF30006","Mild Steel Flat 300x6mm","300.00","","","6.00","","","","","","14.130","6","300","AS/NZS 3679.1-300","","","","0.61","ASMUSS","","","","","","","","","","true"
"Flats","SF30012","Mild Steel Flat 300x12mm","300.00","","","12.00","","","","","","28.260","6","300","AS/NZS 3679.1-300","","","","0.62","ASMUSS","","","","","","","","","","true"
"SHS","SHS03530","Square Hollow Section 35x35x3mm","1200.00","","","35.00","","35.00","","","2400.00","2.830","8.0;12.0","C350LO","AS/NZS 1163","","","","0.26","ASMUSS","","","","","","","","","","true"
"SHS","SHS07540","Square Hollow Section 75x75x4mm","1200.00","","","75.00","","75.00","","","2400.00","8.490","8.0;12.0","C350LO","AS/NZS 1163","","","","0.57","ASMUSS","","","","","","","","","","true"
"SHS","SHS07550","Square Hollow Section 75x75x5mm","1200.00","","","75.00","","75.00","","","2400.00","10.300","8.0;12.0","C350LO","AS/NZS 1163","","","","0.56","ASMUSS","","","","","","","","","","true"
"RHS","RHS07505025","Rectangular Hollow Section 75x50x2.5mm","75.00","","","2.50","","50.00","","","","4.580","8.0;12.0","C350LO","AS/NZS 1163","","","","0.48","ASMUSS","","","","","","","","","","true"
"RHS","RHS07505030","Rectangular Hollow Section 75x50x3mm","75.00","","","3.00","","50.00","","","","5.420","8.0;12.0","C350LO","AS/NZS 1163","","","","0.48","ASMUSS","","","","","","","","","","true"
"SHS","SHS03516","Square Hollow Section 35x35x1.6mm","1200.00","","","35.00","","35.00","","","2400.00","1.630","8","C350LO","AS/NZS 1163","","","","0.27","ASMUSS","","","","","","","","","","true"
"RHS","RHS06503525","Rectangular Hollow Section 65x35x2.5mm","65.00","","","2.50","","35.00","","","","3.600","8.0;12.0","C350LO","AS/NZS 1163","","","","0.38","ASMUSS","","","","","","","","","","true"
"SHS","SHS04016","Square Hollow Section 40x40x1.6mm","1200.00","","","40.00","","40.00","","","2400.00","1.880","8.0;12.0","C350LO","AS/NZS 1163","","","","0.31","ASMUSS","","","","","","","","","","true"
"RHS","RHS07502516","Rectangular Hollow Section 75x25x1.6mm","75.00","","","1.60","","25.00","","","","2.380","8","C350LO","AS/NZS 1163","","","","0.39","ASMUSS","","","","","","","","","","true"
"RHS","RHS07502520","Rectangular Hollow Section 75x25x2mm","75.00","","","2.00","","25.00","","","","2.930","8.0;12.0","C350LO","AS/NZS 1163","","","","0.38","ASMUSS","","","","","","","","","","true"
"RHS","RHS07504025","Rectangular Hollow Section 75x40x2.5mm","75.00","","","2.50","","40.00","","","","4.180","8.0;12.0","C350LO","AS/NZS 1163","","","","0.44","ASMUSS","","","","","","","","","","true"
"RHS","RHS07504040","Rectangular Hollow Section 75x40x4mm","75.00","","","4.00","","40.00","","","","6.290","8.0;12.0","C350LO","AS/NZS 1163","","","","0.43","ASMUSS","","","","","","","","","","true"
"Cattle Rail RHS","RHS09704220","Cattle Rail Hollow Section 97x42x2mm","97.00","","","2.00","","42.00","","","","3.650","6.1","C350LO","AS/NZS 1163","","","","0.54","ASMUSS","","","","","","","","","","true"
"RHS","RHS10005060","Rectangular Hollow Section 100x50x6mm","100.00","","","6.00","","50.00","","","","12.000","8.0;12.0","C350LO","AS/NZS 1163","","","","0.55","ASMUSS","","","","","","","","","","true"
"Flats","SF02003","Mild Steel Flat 20x3mm","20.00","","","3.00","","","","","","0.470","6","300","AS/NZS 3679.1-300","","","","0.05","ASMUSS","","","","","","","","","","true"
"Seamless Line Pipe","LPS010040","Seamless Line Pipe 10x40 STD","","","","2.31","17.10","","","2.31","","0.850","6","B","API 5L/ASTM A53/A106","","","","0.09","","","","","","","","","","","true"
"SHS","SHS12560","Square Hollow Section 125x125x6mm","1200.00","","","125.00","","125.00","","","2400.00","21.400","8.0;12.0","C350LO","AS/NZS 1163","","","","0.95","ASMUSS","","","","","","","","","","true"
"Seamless Line Pipe","LPS025040","Seamless Line Pipe 25x40 STD","","","","3.38","33.40","","","3.38","","2.500","6","B","API 5L/ASTM A53/A106","","","","0.19","","","","","","","","","","","true"
"SHS","SHS15040","Square Hollow Section 150x150x4mm","1200.00","","","150.00","","150.00","","","2400.00","17.900","8.0;12.0","C350LO","AS/NZS 1163","","","","1.17","ASMUSS","","","","","","","","","","true"
"Rounds","SR06","Mild Steel Round 6mm","","","","","6.00","","","","","0.220","6","300","AS/NZS 3679.1-300","","","","0.02","ASMUSS","","","","","","","","","","true"
"SHS","SHS15050","Square Hollow Section 150x150x5mm","1200.00","","","150.00","","150.00","","","2400.00","22.100","8.0;12.0","C350LO","AS/NZS 1163","","","","1.16","ASMUSS","","","","","","","","","","true"
"RHS","RHS07505020","Rectangular Hollow Section 75x50x2mm","75.00","","","2.00","","50.00","","","","3.720","8.0;12.0","C350LO","AS/NZS 1163","","","","0.48","ASMUSS","","","","","","","","","","true"
"RHS","RHS07603830","Rectangular Hollow Section 76x38x3mm","76.00","","","3.00","","38.00","","","","4.840","8.0;12.0","C350LO","AS/NZS 1163","","","","0.43","ASMUSS","","","","","","","","","","true"
"RHS","RHS15010040","Rectangular Hollow Section 150x100x4mm","150.00","","","4.00","","100.00","","","","14.800","8.0;12.0","C350LO","AS/NZS 1163","","","","0.97","ASMUSS","","","","","","","","","","true"
"SHS","SHS03020","Square Hollow Section 30x30x2mm","1200.00","","","30.00","","30.00","","","2400.00","1.680","8.0;12.0","C350LO","AS/NZS 1163","","","","0.22","ASMUSS","","","","","","","","","","true"
"SHS","SHS03540","Square Hollow Section 35x35x4mm","1200.00","","","35.00","","35.00","","","2400.00","3.460","8.0;12.0","C350LO","AS/NZS 1163","","","","0.25","ASMUSS","","","","","","","","","","true"
"SHS","SHS04020","Square Hollow Section 40x40x2mm","1200.00","","","40.00","","40.00","","","2400.00","2.310","8.0;12.0","C350LO","AS/NZS 1163","","","","0.30","ASMUSS","","","","","","","","","","true"
"SHS","SHS05016","Square Hollow Section 50x50x1.6mm","1200.00","","","50.00","","50.00","","","2400.00","2.380","8.0;12.0","C350LO","AS/NZS 1163","","","","0.39","ASMUSS","","","","","","","","","","true"
"SHS","SHS05030","Square Hollow Section 50x50x3mm","1200.00","","","50.00","","50.00","","","2400.00","4.250","8.0;12.0","C350LO","AS/NZS 1163","","","","0.38","ASMUSS","","","","","","","","","","true"
"SHS","SHS06530","Square Hollow Section 65x65x3mm","1200.00","","","65.00","","65.00","","","2400.00","5.660","8.0;12.0","C350LO","AS/NZS 1163","","","","0.50","ASMUSS","","","","","","","","","","true"
"Rounds","SR16","Mild Steel Round 16mm","","","","","16.00","","","","","1.580","6.0;9.0","300","AS/NZS 3679.1-300","","","","0.05","ASMUSS","","","","","","","","","","true"
"Seamless Line Pipe","LPS015040","Seamless Line Pipe 15x40 STD","","","","2.77","21.30","","","2.77","","1.270","6","B","API 5L/ASTM A53/A106","","","","0.12","","","","","","","","","","","true"
"RHS","RHS10005030","Rectangular Hollow Section 100x50x3mm","100.00","","","3.00","","50.00","","","","6.600","8.0;12.0","C350LO","AS/NZS 1163","","","","0.58","ASMUSS","","","","","","","","","","true"
"RHS","RHS12507540","Rectangular Hollow Section 125x75x4mm","125.00","","","4.00","","75.00","","","","11.600","8.0;12.0","C350LO","AS/NZS 1163","","","","0.77","ASMUSS","","","","","","","","","","true"
"RHS","RHS12507550","Rectangular Hollow Section 125x75x5mm","125.00","","","5.00","","75.00","","","","14.200","8.0;12.0","C350LO","AS/NZS 1163","","","","0.76","ASMUSS","","","","","","","","","","true"
"Seamless Line Pipe","LPS015080","Seamless Line Pipe 15x80 XS","","","","3.73","21.30","","","3.73","","1.620","6","B","API 5L/ASTM A53/A106","","","","0.11","","","","","","","","","","","true"
"Squares","SQ25","Mild Steel Square 25mm","25.00","","","25.00","","25.00","","","","4.910","6","300","AS/NZS 3679.1-300","","","","0.10","ASMUSS","","","","","","","","","","true"
"Rounds","SR08","Mild Steel Round 8mm","","","","","8.00","","","","","0.400","6","300","AS/NZS 3679.1-300","","","","0.03","ASMUSS","","","","","","","","","","true"
"Rounds","SR10","Mild Steel Round 10mm","","","","","10.00","","","","","0.620","6","300","AS/NZS 3679.1-300","","","","0.03","ASMUSS","","","","","","","","","","true"
"Rounds","SR12","Mild Steel Round 12mm","","","","","12.00","","","","","0.890","6","300","AS/NZS 3679.1-300","","","","0.04","ASMUSS","","","","","","","","","","true"
"Rounds","SR20","Mild Steel Round 20mm","","","","","20.00","","","","","2.470","6.0;9.0","300","AS/NZS 3679.1-300","","","","0.06","ASMUSS","","","","","","","","","","true"
"Seamless Line Pipe","LPS050160","Seamless Line Pipe 50x160","","","","8.73","60.30","","","8.73","","10.020","6","B","API 5L/ASTM A53/A106","","","","0.32","","","","","","","","","","","true"
"Rounds","SR28","Mild Steel Round 28mm","","","","","28.00","","","","","4.830","6","300","AS/NZS 3679.1-300","","","","0.09","ASMUSS","","","","","","","","","","true"
"Rounds","SR32","Mild Steel Round 32mm","","","","","32.00","","","","","6.310","6","300","AS/NZS 3679.1-300","","","","0.10","ASMUSS","","","","","","","","","","true"
"Rounds","SR50","Mild Steel Round 50mm","","","","","50.00","","","","","15.410","6","300","AS/NZS 3679.1-300","","","","0.16","ASMUSS","","","","","","","","","","true"
"Rounds","SR40","Mild Steel Round 40mm","","","","","40.00","","","","","9.860","6","300","AS/NZS 3679.1-300","","","","0.13","ASMUSS","","","","","","","","","","true"
"Equal Angles","SA05006","Mild Steel Equal Angle 50x50x6mm","50.00","","","6.00","","","","","","4.460","6.0;9.0","300","AS/NZS 3679.1-300","","","","0.19","ASMUSS","","","","","","","","","","true"
"Equal Angles","SA06508","Mild Steel Equal Angle 65x65x8mm","65.00","","","8.00","","","","","","7.510","6.0;9.0","300","AS/NZS 3679.1-300","","","","0.24","ASMUSS","","","","","","","","","","true"
"Equal Angles","SA09006","Mild Steel Equal Angle 90x90x6mm","90.00","","","6.00","","","","","","8.220","6.0;9.0;12.0","300","AS/NZS 3679.1-300","","","","0.35","ASMUSS","","","","","","","","","","true"
"Equal Angles","SA09010","Mild Steel Equal Angle 90x90x10mm","90.00","","","10.00","","","","","","12.700","6.0;9.0;12.0","300","AS/NZS 3679.1-300","","","","0.34","ASMUSS","","","","","","","","","","true"
"Equal Angles","SA10008","Mild Steel Equal Angle 100x100x8mm","100.00","","","8.00","","","","","","11.800","6.0;9.0;12.0","300","AS/NZS 3679.1-300","","","","0.38","ASMUSS","","","","","","","","","","true"
"Seamless Line Pipe","LPS020040","Seamless Line Pipe 20x40 STD","","","","2.87","26.70","","","2.87","","1.690","6","B","API 5L/ASTM A53/A106","","","","0.15","","","","","","","","","","","true"
"ERW Line Pipe","LPW200478","ERW Line Pipe 200x4.78","","","","4.78","219.10","","","4.78","","25.260","6.0;12.0","B","ASTM API 5L","","","","1.35","","","","","","","","","","","true"
"Reinforcing Mesh","SRM668","Reinforcing Mesh 150x150x4mm","150.00","","","4.00","","","","","","1.370","4.65x1.97","D500","NZS 3422:1975","","","","0.17","ASMUSS","","","","","","","","","","true"
"Duragal Channels","DGC075404","Duragal Channel 75x40x4mm","75.00","","","4.00","","40.00","4.00","4.00","","4.250","9","450","TS100","","","","0.36","ASMUSS","","","","","","","","","","true"
"Duragal Angles","DGA03025","Test Material Updated","30.00","","","2.50","","","","","","1.060","6","350","TS100","","","","0.12","ASMUSS","","","","","","","","","","true"
"Duragal Angles","DGA04040","Duragal Angle 40x40x4mm","40.00","","","4.00","","","","","","2.200","6","450","TS100","","","","0.15","ASMUSS","","","","","","","","","","true"
"Duragal Angles","DGA05060","Duragal Angle 50x50x6mm","50.00","","","6.00","","","","","","4.210","9","450","TS100","","","","0.19","ASMUSS","","","","","","","","","","true"
"Duragal Angles","DGA07550","Duragal Angle 75x75x5mm","75.00","","","5.00","","","","","","5.260","9","450","TS100","","","","0.29","ASMUSS","","","","","","","","","","true"
"Reinforcing Mesh","SRM118","Reinforcing Mesh 25x25x4mm","25.00","","","4.00","","","","","","8.680","2.4x1.2","D500","NZS 3422:1975","","","","1.01","ASMUSS","","","","","","","","","","true"
"Reinforcing Mesh","SRM335","Reinforcing Mesh 75x75x5.3mm","75.00","","","5.30","","","","","","3.810","2.4x1.2;4.65x1.97","D500","NZS 3422:1975","","","","0.44","ASMUSS","","","","","","","","","","true"
"ERW Line Pipe","LPW15020","ERW Line Pipe 150x20","","","","6.35","168.30","","","6.35","","25.360","6.0;12.0","B","ASTM API 5L","","","","1.02","","","","","","","","","","","true"
"ERW Line Pipe","LPW30020","ERW Line Pipe 300x20","","","","6.35","323.90","","","6.35","","49.720","6.0;12.0","B","ASTM API 5L","","","","2.00","","","","","","","","","","","true"
"Equal Angles","SA02505","Mild Steel Equal Angle 25x25x5mm","25.00","","","5.00","","","","","","1.650","6","300","AS/NZS 3679.1-300","","","","0.09","ASMUSS","","","","","","","","","","true"
"Duragal Channels","DGC100504","Duragal Channel 100x50x4mm","100.00","","","4.00","","50.00","4.00","4.00","","5.590","9","450","TS100","","","","0.48","ASMUSS","","","","","","","","","","true"
"Reinforcing Grade 500","SRHD10","Grade 500 Reinforcing Bar 10mm","","","","","10.00","","","","","0.620","6","500","AS/NZS 4671","","","","0.03","ASMUSS","","","","","","","","","","true"
"Equal Angles","SA03005","Mild Steel Equal Angle 30x30x5mm","30.00","","","5.00","","","","","","2.010","6","300","AS/NZS 3679.1-300","","","","0.11","ASMUSS","","","","","","","","","","true"
"RHS","RHS05002530","Rectangular Hollow Section 50x25x3mm","50.00","","","3.00","","25.00","","","","3.070","8.0;12.0","C350LO","AS/NZS 1163","","","","0.28","ASMUSS","","","","","","","","","","true"
"RHS","RHS06503540","Rectangular Hollow Section 65x35x4mm","65.00","","","4.00","","35.00","","","","5.350","8.0;12.0","C350LO","AS/NZS 1163","","","","0.37","ASMUSS","","","","","","","","","","true"
"RHS","RHS05002516","Rectangular Hollow Section 50x25x1.6mm","50.00","","","1.60","","25.00","","","","1.750","8.0;12.0","C350LO","AS/NZS 1163","","","","0.29","ASMUSS","","","","","","","","","","true"
"RHS","RHS07504030","Rectangular Hollow Section 75x40x3mm","75.00","","","3.00","","40.00","","","","4.950","8.0;12.0","C350LO","AS/NZS 1163","","","","0.44","ASMUSS","","","","","","","","","","true"
"Universal Columns","SUC150030","Universal Column 158x153x30mm","158.00","","","30.00","","153.00","9.40","6.60","","30.000","6.0;9.0;12.0;15.0;18.0","G300SO","AS3679.1","","","","0.89","ASMUSS","","","","","","","","","","true"
"Structural Channels","SC150075","Mild Steel Channel 150x75x9.5mm","150.00","","","9.50","","75.00","9.50","6.00","","17.700","6.0;9.0;10.5;12.0;15.0;16.5;18.0","G300","AS3679.1","","","","0.72","ASMUSS","","","","","","","","","","true"
"Universal Beams","SUB150018","Universal Beam 155x75x18mm","155.00","","","18.00","","75.00","9.50","6.00","","18.000","6.0;9.0;12.0;13.5","G300SO","AS3679.1","","","","0.72","ASMUSS","","","","","","","","","","true"
"Universal Beams","SUB180022","Universal Beam 179x90x22mm","179.00","","","22.00","","90.00","10.00","6.00","","22.200","6.0;9.0;12.0;13.5","G300SO","AS3679.1","","","","0.84","ASMUSS","","","","","","","","","","true"
"Universal Beams","SUB200030","Universal Beam 207x134x30mm","207.00","","","30.00","","134.00","9.60","6.30","","29.800","6.0;9.0;10.5;12.0;15.0;18.0","G300SO","AS3679.1","","","","1.05","ASMUSS","","","","","","","","","","true"
"SHS","SHS02016","Square Hollow Section 20x20x1.6mm","1200.00","","","20.00","","20.00","","","2400.00","0.870","8.0;12.0","C350LO","AS/NZS 1163","","","","0.15","ASMUSS","","","","","","","","","","true"
"Universal Columns","SUC200046","Universal Column 203x203x46mm","203.00","","","46.00","","203.00","11.00","7.30","","46.200","6.0;9.0;10.5;12.0;15.0;16.5;18.0","G300SO","AS3679.1","","","","1.16","ASMUSS","","","","","","","","","","true"
"Universal Columns","SUC200060","Universal Column 210x205x60mm","210.00","","","60.00","","205.00","14.20","9.30","","59.500","6.0;9.0;10.5;12.0;15.0;18.0","G300SO","AS3679.1","","","","1.17","ASMUSS","","","","","","","","","","true"
"Universal Columns","SUC250073","Universal Column 254x254x73mm","254.00","","","73.00","","254.00","14.20","8.60","","72.900","6.0;9.0;10.5;12.0;15.0;18.0","G300SO","AS3679.1","","","","1.45","ASMUSS","","","","","","","","","","true"
"Universal Columns","SUC310118","Universal Column 315x307x118mm","315.00","","","118.00","","307.00","18.70","11.90","","118.000","6.0;9.0;10.5;12.0;15.0;18.0","G300SO","AS3679.1","","","","1.78","ASMUSS","","","","","","","","","","true"
"SHS","SHS02516","Square Hollow Section 25x25x1.6mm","1200.00","","","25.00","","25.00","","","2400.00","1.120","8.0;12.0","C350LO","AS/NZS 1163","","","","0.19","ASMUSS","","","","","","","","","","true"
"Seamless Line Pipe","LPS015XXS","Seamless Line Pipe 15xXXS","","","","7.47","21.30","","","7.47","","2.500","6","B","API 5L/ASTM A53/A106","","","","0.09","","","","","","","","","","","true"
"Cattle Rail RHS","RHS05903016","Cattle Rail Hollow Section 59x30x1.6mm","59.00","","","1.60","","30.00","","","","2.600","6.1","C350LO","AS/NZS 1163","","","","0.34","ASMUSS","","","","","","","","","","true"
"RHS","RHS10207650","Rectangular Hollow Section 102x76x5mm","102.00","","","5.00","","76.00","","","","12.500","8.0;12.0","C350LO","AS/NZS 1163","","","","0.67","ASMUSS","","","","","","","","","","true"
"RHS","RHS25015050","Rectangular Hollow Section 250x150x5mm","250.00","","","5.00","","150.00","","","","29.900","8.0;12.0","C350LO","AS/NZS 1163","","","","1.56","ASMUSS","","","","","","","","","","true"
"RHS","RHS25015090","Rectangular Hollow Section 250x150x9mm","250.00","","","9.00","","150.00","","","","51.800","8.0;12.0","C350LO","AS/NZS 1163","","","","1.53","ASMUSS","","","","","","","","","","true"
"Flats","SF05005","Mild Steel Flat 50x5mm","50.00","","","5.00","","","","","","1.960","6","300","AS/NZS 3679.1-300","","","","0.11","ASMUSS","","","","","","","","","","true"
"Flats","SF05010","Mild Steel Flat 50x10mm","50.00","","","10.00","","","","","","3.930","6","300","AS/NZS 3679.1-300","","","","0.12","ASMUSS","","","","","","","","","","true"
"Flats","SF06516","Mild Steel Flat 65x16mm","65.00","","","16.00","","","","","","8.160","6","300","AS/NZS 3679.1-300","","","","0.16","ASMUSS","","","","","","","","","","true"
"Flats","SF07516","Mild Steel Flat 75x16mm","75.00","","","16.00","","","","","","9.420","6","300","AS/NZS 3679.1-300","","","","0.18","ASMUSS","","","","","","","","","","true"
"Flats","SF10005","Mild Steel Flat 100x5mm","100.00","","","5.00","","","","","","3.930","6","300","AS/NZS 3679.1-300","","","","0.21","ASMUSS","","","","","","","","","","true"
"Flats","SF13012","Mild Steel Flat 130x12mm","130.00","","","12.00","","","","","","12.250","6","300","AS/NZS 3679.1-300","","","","0.28","ASMUSS","","","","","","","","","","true"
"Flats","SF13020","Mild Steel Flat 130x20mm","130.00","","","20.00","","","","","","20.410","6","300","AS/NZS 3679.1-300","","","","0.30","ASMUSS","","","","","","","","","","true"
"Flats","SF18012","Mild Steel Flat 180x12mm","180.00","","","12.00","","","","","","16.960","6","300","AS/NZS 3679.1-300","","","","0.38","ASMUSS","","","","","","","","","","true"
"Flats","SF20020","Mild Steel Flat 200x20mm","200.00","","","20.00","","","","","","31.400","6","300","AS/NZS 3679.1-300","","","","0.44","ASMUSS","","","","","","","","","","true"
"Flats","SF30010","Mild Steel Flat 300x10mm","300.00","","","10.00","","","","","","23.550","6","300","AS/NZS 3679.1-300","","","","0.62","ASMUSS","","","","","","","","","","true"
"Equal Angles","SA05003","Mild Steel Equal Angle 50x50x3mm","50.00","","","3.00","","","","","","2.310","6","300","AS/NZS 3679.1-300","","","","0.19","ASMUSS","","","","","","","","","","true"
"Equal Angles","SA20013","Mild Steel Equal Angle 200x200x13mm","200.00","","","13.00","","","","","","40.000","9.0;12.0","300","AS/NZS 3679.1-300","","","","0.77","ASMUSS","","","","","","","","","","true"
"Black Pipe","PBMPE025","Black Pipe Medium 25mm","","","","3.20","33.70","","","3.20","","2.410","6.5","C250","AS1074","","","","0.19","","","","","","","","","","","true"
"RHS","RHS10005040","Rectangular Hollow Section 100x50x4mm","100.00","","","4.00","","50.00","","","","8.490","8.0;12.0","C350LO","AS/NZS 1163","","","","0.57","ASMUSS","","","","","","","","","","true"
"Reinforcing Grade 500","SRHD20","Grade 500 Reinforcing Bar 20mm","","","","","20.00","","","","","2.470","6","500","AS/NZS 4671","","","","0.06","ASMUSS","","","","","","","","","","true"
"Universal Beams","SUB310046","Universal Beam 307x166x46mm","307.00","","","46.00","","166.00","11.80","6.70","","46.200","6.0;9.0;10.5;12.0;13.5;15.0;18.0","G300SO","AS3679.1","","","","1.50","ASMUSS","","","","","","","","","","true"
"Universal Columns","SUC250089","Universal Column 260x256x89mm","260.00","","","89.00","","256.00","17.30","10.50","","89.500","6.0;9.0;10.5;12.0;15.0;18.0","G300SO","AS3679.1","","","","1.46","ASMUSS","","","","","","","","","","true"
"Universal Columns","SUC310097","Universal Column 308x305x97mm","308.00","","","97.00","","305.00","15.40","9.90","","96.800","6.0;9.0;10.5;12.0;15.0;18.0","G300SO","AS3679.1","","","","1.76","ASMUSS","","","","","","","","","","true"
"Equal Angles","SA03003","Mild Steel Equal Angle 30x30x3mm","30.00","","","3.00","","","","","","1.350","6","300","AS/NZS 3679.1-300","","","","0.11","ASMUSS","","","","","","","","","","true"
"Unequal Angles","SUA10007508","Mild Steel Unequal Angle 100x75x8mm","100.00","100.00","75.00","8.00","","","","","","10.300","6.0;9.0;12.0","300","AS/NZS 3679.1-300","","","","0.33","ASMUSS","","","","","","","","","","true"
"Unequal Angles","SUA10007510","Mild Steel Unequal Angle 100x75x10mm","100.00","100.00","75.00","10.00","","","","","","12.400","6.0;9.0;12.0","300","AS/NZS 3679.1-300","","","","0.33","ASMUSS","","","","","","","","","","true"
"Seamless Line Pipe","LPS032040","Seamless Line Pipe 32x40 STD","","","","3.56","42.20","","","3.56","","3.390","6","B","API 5L/ASTM A53/A106","","","","0.24","","","","","","","","","","","true"
"Seamless Line Pipe","LPS040040","Seamless Line Pipe 40x40 STD","","","","3.68","48.30","","","3.68","","4.060","6","B","API 5L/ASTM A53/A106","","","","0.28","","","","","","","","","","","true"
"Seamless Line Pipe","LPS040080","Seamless Line Pipe 40x80 XS","","","","5.08","48.30","","","5.08","","5.410","6","B","API 5L/ASTM A53/A106","","","","0.27","","","","","","","","","","","true"
"Seamless Line Pipe","LPS050040","Seamless Line Pipe 50x40 STD","","","","3.91","60.30","","","3.91","","5.440","6","B","API 5L/ASTM A53/A106","","","","0.35","","","","","","","","","","","true"
"Seamless Line Pipe","LPS065040","Seamless Line Pipe 65x40 STD","","","","5.16","73.00","","","5.16","","8.630","6","B","API 5L/ASTM A53/A106","","","","0.43","","","","","","","","","","","true"
"Seamless Line Pipe","LPS080040","Seamless Line Pipe 80x40 STD","","","","5.49","88.90","","","5.49","","11.290","6","B","API 5L/ASTM A53/A106","","","","0.52","","","","","","","","","","","true"
"Seamless Line Pipe","LPS100160","Seamless Line Pipe 100x160","","","","13.48","114.30","","","13.48","","33.510","6","B","API 5L/ASTM A53/A106","","","","0.63","","","","","","","","","","","true"
"Seamless Line Pipe","LPS125040","Seamless Line Pipe 125x40 STD","","","","6.55","141.30","","","6.55","","21.770","6","B","API 5L/ASTM A53/A106","","","","0.85","","","","","","","","","","","true"
"Seamless Line Pipe","LPS150120","Seamless Line Pipe 150x120","","","","14.27","168.30","","","14.27","","54.200","6","B","API 5L/ASTM A53/A106","","","","0.97","","","","","","","","","","","true"
"Seamless Line Pipe","LPS200160","Seamless Line Pipe 200x160","","","","23.01","219.10","","","23.01","","111.300","6","B","API 5L/ASTM A53/A106","","","","1.23","","","","","","","","","","","true"
"Seamless Line Pipe","LPS250080","Seamless Line Pipe 250x80","","","","15.09","273.10","","","15.09","","95.800","6","B","API 5L/ASTM A53/A106","","","","1.62","","","","","","","","","","","true"
"ERW Line Pipe","LPW10040","ERW Line Pipe 100x40 STD","","","","6.02","114.30","","","6.02","","12.000","6","B","ASTM API 5L","","","","0.68","","","","","","","","","","","true"
"ERW Line Pipe","LPW150478","ERW Line Pipe 150x4.78","","","","4.78","168.30","","","4.78","","19.280","6.0;12.0","B","ASTM API 5L","","","","1.03","","","","","","","","","","","true"
"Black Pipe","PBHPE100","Black Pipe Heavy 100mm","","","","5.40","114.30","","","5.40","","14.500","6.5","C250","AS1074","","","","0.68","","","","","","","","","","","true"
"Black Pipe","PBLPE025","Black Pipe Light 25mm","","","","2.60","33.70","","","2.60","","1.990","6.5","C350","AS1163","","","","0.20","","","","","","","","","","","true"
"Black Pipe","PBLPE032","Black Pipe Light 32mm","","","","2.60","42.40","","","2.60","","2.550","6.5","C350","AS1163","","","","0.25","","","","","","","","","","","true"
"Black Pipe","PBLPE040","Black Pipe Light 40mm","","","","2.90","48.30","","","2.90","","3.250","6.5","C350","AS1163","","","","0.29","","","","","","","","","","","true"
"Black Pipe","PBLPE050","Black Pipe Light 50mm","","","","2.90","60.30","","","2.90","","4.110","6.5","C350","AS1163","","","","0.36","","","","","","","","","","","true"
"Black Pipe","PBMPE015","Black Pipe Medium 15mm","","","","2.60","21.30","","","2.60","","1.210","6.5","C250","AS1074","","","","0.12","","","","","","","","","","","true"
"Black Pipe","PBMPE020","Black Pipe Medium 20mm","","","","2.60","26.90","","","2.60","","1.560","6.5","C250","AS1074","","","","0.15","","","","","","","","","","","true"
"Black Pipe","PBMPE032","Black Pipe Medium 32mm","","","","3.20","42.40","","","3.20","","3.100","6.5","C250","AS1074","","","","0.25","","","","","","","","","","","true"
"Black Pipe","PBMPE065","Black Pipe Medium 65mm","","","","3.60","76.10","","","3.60","","6.430","6.5","C250","AS1074","","","","0.46","","","","","","","","","","","true"
"Black Pipe","PBMPE090","Black Pipe Medium 90mm","","","","4.00","101.60","","","4.00","","9.630","6.5","C250","AS1074","","","","0.61","","","","","","","","","","","true"
"Black Pipe","PBMPE150","Black Pipe Medium 150mm","","","","5.00","165.10","","","5.00","","19.700","6.5","C250","AS1074","","","","1.01","","","","","","","","","","","true"
"Galvanized Pipe","PGHPE040","Galvanized Pipe Heavy 40mm","","","","4.00","48.30","","","4.00","","4.460","6.5","C250","AS1074","","","","0.28","","","","","","","","","","","true"
"Galvanized Pipe","PGLPE065","Galvanized Pipe Light 65mm","","","","3.20","76.10","","","3.20","","5.890","6.5","C250","AS1163","","","","0.46","","","","","","","","","","","true"
"Galvanized Pipe","PGMPE015","Galvanized Pipe Medium 15mm","","","","2.60","21.30","","","2.60","","1.240","6.5","C250","AS1074","","","","0.12","","","","","","","","","","","true"
"Galvanized Pipe","PGMSS100","Galvanized Pipe Screwed 100mm","","","","4.50","114.30","","","4.50","","12.400","6.5","C250","AS1074","","","","0.69","","","","","","","","","","","true"
"Galvanized Pipe","PGMSS125","Galvanized Pipe Screwed 125mm","","","","5.00","139.70","","","5.00","","16.900","6.5","C250","AS1074","","","","0.85","","","","","","","","","","","true"
"Galvanized Pipe","PGXLPE032","Galvanized Pipe Extra Light 32mm","","","","2.00","42.20","","","2.00","","2.070","6.5","C250","AS1163","","","","0.25","","","","","","","","","","","true"
"Primed Pipe","PPMPE020","Primed Pipe Medium 20mm","","","","2.60","26.90","","","2.60","","1.560","6.5","C250","AS1074","","","","0.15","","","","","","","","","","","true"
"Primed Pipe","PPMPE065","Primed Pipe Medium 65mm","","","","3.60","76.10","","","3.60","","6.430","6.5","C250","AS1074","","","","0.46","","","","","","","","","","","true"
"Primed Pipe","PPMPE125","Primed Pipe Medium 125mm","","","","5.00","139.70","","","5.00","","16.600","6.5","C250","AS1074","","","","0.85","","","","","","","","","","","true"
"Primed Pipe","PPMPE150","Primed Pipe Medium 150mm","","","","5.00","165.10","","","5.00","","19.700","6.5","C250","AS1074","","","","1.01","","","","","","","","","","","true"
"Duragal Flats","DGFL2512","Duragal Flat 25x12mm","25.00","","","12.00","","","","","","2.360","6.0;9.0","350","AS/NZS 4792","","","","0.07","ASMUSS","","","","","","","","","","true"
"Duragal Flats","DGFL3212","Duragal Flat 32x12mm","32.00","","","12.00","","","","","","3.020","6.0;9.0","350","AS/NZS 4792","","","","0.09","ASMUSS","","","","","","","","","","true"
"Duragal Flats","DGFL2520","Duragal Flat 25x20mm","25.00","","","20.00","","","","","","3.930","6.0;9.0","350","AS/NZS 4792","","","","0.09","ASMUSS","","","","","","","","","","true"
"Duragal Flats","DGFL3220","Duragal Flat 32x20mm","32.00","","","20.00","","","","","","5.020","6.0;9.0","350","AS/NZS 4792","","","","0.10","ASMUSS","","","","","","","","","","true"
"Duragal Flats","DGFL4012","Duragal Flat 40x12mm","40.00","","","12.00","","","","","","3.770","6.0;9.0","350","AS/NZS 4792","","","","0.10","ASMUSS","","","","","","","","","","true"
"Duragal Flats","DGFL4020","Duragal Flat 40x20mm","40.00","","","20.00","","","","","","6.280","6.0;9.0","350","AS/NZS 4792","","","","0.12","ASMUSS","","","","","","","","","","true"
"Duragal Flats","DGFL5012","Duragal Flat 50x12mm","50.00","","","12.00","","","","","","4.710","6.0;9.0","350","AS/NZS 4792","","","","0.12","ASMUSS","","","","","","","","","","true"
"Duragal Flats","DGFL5020","Duragal Flat 50x20mm","50.00","","","20.00","","","","","","7.850","6.0;9.0","350","AS/NZS 4792","","","","0.14","ASMUSS","","","","","","","","","","true"
"Seamless Line Pipe","LPS020160","Seamless Line Pipe 20x160","","","","5.56","26.70","","","5.56","","2.890","6","B","API 5L/ASTM A53/A106","","","","0.13","","","","","","","","","","","true"
"Seamless Line Pipe","LPS025080","Seamless Line Pipe 25x80 XS","","","","4.55","33.40","","","4.55","","3.240","6","B","API 5L/ASTM A53/A106","","","","0.18","","","","","","","","","","","true"
"Seamless Line Pipe","LPS025160","Seamless Line Pipe 25x160","","","","6.35","33.40","","","6.35","","4.230","6","B","API 5L/ASTM A53/A106","","","","0.17","","","","","","","","","","","true"
"Seamless Line Pipe","LPS032080","Seamless Line Pipe 32x80 XS","","","","4.85","42.20","","","4.85","","4.470","6","B","API 5L/ASTM A53/A106","","","","0.23","","","","","","","","","","","true"
"Seamless Line Pipe","LPS040160","Seamless Line Pipe 40x160","","","","7.13","48.30","","","7.13","","7.230","6","B","API 5L/ASTM A53/A106","","","","0.26","","","","","","","","","","","true"
"Seamless Line Pipe","LPS050080","Seamless Line Pipe 50x80 XS","","","","5.54","60.30","","","5.54","","7.480","6","B","API 5L/ASTM A53/A106","","","","0.34","","","","","","","","","","","true"
"Seamless Line Pipe","LPS065080","Seamless Line Pipe 65x80 XS","","","","7.01","73.00","","","7.01","","11.410","6","B","API 5L/ASTM A53/A106","","","","0.41","","","","","","","","","","","true"
"Seamless Line Pipe","LPS065160","Seamless Line Pipe 65x160","","","","9.52","73.00","","","9.52","","14.900","6","B","API 5L/ASTM A53/A106","","","","0.40","","","","","","","","","","","true"
"Seamless Line Pipe","LPS080XXS","Seamless Line Pipe 80xXXS","","","","15.24","88.90","","","15.24","","27.700","6","B","API 5L/ASTM A53/A106","","","","0.46","","","","","","","","","","","true"
"Seamless Line Pipe","LPS100040","Seamless Line Pipe 100x40 STD","","","","6.02","114.30","","","6.02","","16.070","6","B","API 5L/ASTM A53/A106","","","","0.68","","","","","","","","","","","true"
"Seamless Line Pipe","LPS100080","Seamless Line Pipe 100x80 XS","","","","8.56","114.30","","","8.56","","22.320","6","B","API 5L/ASTM A53/A106","","","","0.66","","","","","","","","","","","true"
"Seamless Line Pipe","LPS150040","Seamless Line Pipe 150x40 STD","","","","7.11","168.30","","","7.11","","28.260","6","B","API 5L/ASTM A53/A106","","","","1.01","","","","","","","","","","","true"
"Seamless Line Pipe","LPS200080","Seamless Line Pipe 200x80 XS","","","","12.70","219.10","","","12.70","","64.400","6","B","API 5L/ASTM A53/A106","","","","1.30","","","","","","","","","","","true"
"ERW Line Pipe","LPW20020","ERW Line Pipe 200x20","","","","6.35","219.10","","","6.35","","33.310","6.0;12.0","B","ASTM API 5L","","","","1.34","","","","","","","","","","","true"
"ERW Line Pipe","LPW200XS","ERW Line Pipe 200x80 XS","","","","12.70","219.10","","","12.70","","64.640","6.0;12.0","B","ASTM API 5L","","","","1.30","","","","","","","","","","","true"
"ERW Line Pipe","LPW25040","ERW Line Pipe 250x40 STD","","","","9.27","273.10","","","9.27","","60.300","6.0;12.0","B","ASTM API 5L","","","","1.66","","","","","","","","","","","true"
"ERW Line Pipe","LPW30040","ERW Line Pipe 300x40","","","","10.31","323.90","","","10.31","","79.720","6.0;12.0","B","ASTM API 5L","","","","1.97","","","","","","","","","","","true"
"ERW Line Pipe","LPW300STD","ERW Line Pipe 300xSTD","","","","9.53","323.90","","","9.53","","73.790","6.0;12.0","B","ASTM API 5L","","","","1.98","","","","","","","","","","","true"
"ERW Line Pipe","LPW35010","ERW Line Pipe 350x10","","","","6.35","355.60","","","6.35","","54.690","6","B","ASTM API 5L","","","","2.19","","","","","","","","","","","true"
"ERW Line Pipe","LPW350STD","ERW Line Pipe 350xSTD","","","","9.53","355.60","","","9.53","","81.250","6.0;12.0","B","ASTM API 5L","","","","2.17","","","","","","","","","","","true"
"ERW Line Pipe","LPW400STD","ERW Line Pipe 400xSTD","","","","9.53","406.40","","","9.53","","93.170","6.0;12.0","B","ASTM API 5L","","","","2.49","","","","","","","","","","","true"
"ERW Line Pipe","LPW400XS","ERW Line Pipe 400x40 XS","","","","12.70","406.40","","","12.70","","123.300","12","B","ASTM API 5L","","","","2.47","","","","","","","","","","","true"
"ERW Line Pipe","LPW450XS","ERW Line Pipe 450xXS","","","","12.70","457.20","","","12.70","","139.200","12","B","ASTM API 5L","","","","2.79","","","","","","","","","","","true"
"ERW Line Pipe","LPW500XS","ERW Line Pipe 500xXS","","","","12.70","508.00","","","12.70","","155.120","12","B","ASTM API 5L","","","","3.11","","","","","","","","","","","true"
"Black Pipe","PBHPE025","Black Pipe Heavy 25mm","","","","4.00","33.70","","","4.00","","2.940","6.5","C250","AS1074","","","","0.19","","","","","","","","","","","true"
"Black Pipe","PBHPE040","Black Pipe Heavy 40mm","","","","4.00","48.30","","","4.00","","4.380","6.5","C250","AS1074","","","","0.28","","","","","","","","","","","true"
"Black Pipe","PBHPE125","Black Pipe Heavy 125mm","","","","5.40","139.70","","","5.40","","17.900","6.5","C250","AS1074","","","","0.84","","","","","","","","","","","true"
"Black Pipe","PBMPE040","Black Pipe Medium 40mm","","","","3.20","48.30","","","3.20","","3.570","6.5","C250","AS1074","","","","0.28","","","","","","","","","","","true"
"Black Pipe","PBMPE050","Black Pipe Medium 50mm","","","","3.60","60.30","","","3.60","","5.030","6.5","C250","AS1074","","","","0.36","","","","","","","","","","","true"
"Black Pipe","PBMPE080","Black Pipe Medium 80mm","","","","4.00","88.90","","","4.00","","8.370","6.5","C250","AS1074","","","","0.53","","","","","","","","","","","true"
"Black Pipe","PBMPE125","Black Pipe Medium 125mm","","","","5.00","139.70","","","5.00","","16.600","6.5","C250","AS1074","","","","0.85","","","","","","","","","","","true"
"Galvanized Pipe","PGHPE032","Galvanized Pipe Heavy 32mm","","","","4.00","42.40","","","4.00","","3.870","6.5","C250","AS1074","","","","0.24","","","","","","","","","","","true"
"Galvanized Pipe","PGHPE050","Galvanized Pipe Heavy 50mm","","","","4.50","60.30","","","4.50","","6.300","6.5","C250","AS1074","","","","0.35","","","","","","","","","","","true"
"Galvanized Pipe","PGHPE125","Galvanized Pipe Heavy 125mm","","","","5.40","139.70","","","5.40","","18.100","6.5","C250","AS1074","","","","0.84","","","","","","","","","","","true"
"Galvanized Pipe","PGLPE040","Galvanized Pipe Light 40mm","","","","2.90","48.30","","","2.90","","3.330","6.5","C250","AS1163","","","","0.29","","","","","","","","","","","true"
"Galvanized Pipe","PGLPE050","Galvanized Pipe Light 50mm","","","","2.90","60.30","","","2.90","","4.210","6.5","C250","AS1163","","","","0.36","","","","","","","","","","","true"
"Galvanized Pipe","PGLSW032","Galvanized Pipe Swaged 32mm","","","","2.60","42.20","","","2.60","","2.630","6.5","C250","AS1163","","","","0.25","","","","","","","","","","","true"
"Galvanized Pipe","PGLSW025","Galvanized Pipe Swaged 25mm","","","","2.60","33.70","","","2.60","","2.050","6.5","C250","AS1163","","","","0.20","","","","","","","","","","","true"
"Galvanized Pipe","PGMPE025","Galvanized Pipe Medium 25mm","","","","3.20","33.70","","","3.20","","2.470","6.5","C250","AS1074","","","","0.19","","","","","","","","","","","true"
"Galvanized Pipe","PGMPE032","Galvanized Pipe Medium 32mm","","","","3.20","42.40","","","3.20","","3.180","6.5","C250","AS1074","","","","0.25","","","","","","","","","","","true"
"Galvanized Pipe","PGMPE080","Galvanized Pipe Medium 80mm","","","","4.00","88.90","","","4.00","","8.530","6.5","C250","AS1074","","","","0.53","","","","","","","","","","","true"
"Galvanized Pipe","PGMPE090","Galvanized Pipe Medium 90mm","","","","4.00","101.60","","","4.00","","9.810","6.5","C250","AS1074","","","","0.61","","","","","","","","","","","true"
"Galvanized Pipe","PGMPE125","Galvanized Pipe Medium 125mm","","","","5.00","139.70","","","5.00","","16.900","6.5","C250","AS1074","","","","0.85","","","","","","","","","","","true"
"Galvanized Pipe","PGMSS025","Galvanized Pipe Screwed 25mm","","","","3.20","33.70","","","3.20","","2.470","6.5","C250","AS1074","","","","0.19","","","","","","","","","","","true"
"Galvanized Pipe","PGMSS065","Galvanized Pipe Screwed 65mm","","","","3.60","76.10","","","3.60","","6.560","6.5","C250","AS1074","","","","0.46","","","","","","","","","","","true"
"Galvanized Pipe","PGMSS080","Galvanized Pipe Screwed 80mm","","","","4.00","88.90","","","4.00","","8.530","6.5","C250","AS1074","","","","0.53","","","","","","","","","","","true"
"Galvanized Pipe","PGXLPE025","Galvanized Pipe Extra Light 25mm","","","","2.00","33.70","","","2.00","","1.620","6.5","C250","AS1163","","","","0.20","","","","","","","","","","","true"
"Galvanized Pipe","PGXLPE050","Galvanized Pipe Extra Light 50mm","","","","2.30","60.30","","","2.30","","3.400","6.5","C250","AS1163","","","","0.36","","","","","","","","","","","true"
"Galvanized Pipe","PGXLPE080","Galvanized Pipe Extra Light 80mm","","","","2.60","88.90","","","2.60","","5.700","6.5","C250","AS1163","","","","0.54","","","","","","","","","","","true"
"Seamless Line Pipe","LPS025XXS","Seamless Line Pipe 25xXXS","","","","9.09","33.40","","","9.09","","5.400","6","B","API 5L/ASTM A53/A106","","","","0.15","","","","","","","","","","","true"
"Seamless Line Pipe","LPS032160","Seamless Line Pipe 32x160","","","","6.35","42.20","","","6.35","","5.600","6","B","API 5L/ASTM A53/A106","","","","0.23","","","","","","","","","","","true"
"Seamless Line Pipe","LPS040XXS","Seamless Line Pipe 40xXXS","","","","10.15","48.30","","","10.15","","9.500","6","B","API 5L/ASTM A53/A106","","","","0.24","","","","","","","","","","","true"
"Seamless Line Pipe","LPS080160","Seamless Line Pipe 80x160","","","","11.12","88.90","","","11.12","","21.320","6","B","API 5L/ASTM A53/A106","","","","0.49","","","","","","","","","","","true"
"Seamless Line Pipe","LPS090040","Seamless Line Pipe 90x40 STD","","","","5.74","101.60","","","5.74","","13.570","6","B","API 5L/ASTM A53/A106","","","","0.60","","","","","","","","","","","true"
"Seamless Line Pipe","LPS100120","Seamless Line Pipe 100x120","","","","11.10","114.30","","","11.10","","28.300","6","B","API 5L/ASTM A53/A106","","","","0.65","","","","","","","","","","","true"
"Seamless Line Pipe","LPS100XXS","Seamless Line Pipe 100xXXS","","","","17.12","114.30","","","17.12","","41.000","6","B","API 5L/ASTM A53/A106","","","","0.61","","","","","","","","","","","true"
"Seamless Line Pipe","LPS125080","Seamless Line Pipe 125x80 XS","","","","9.53","141.30","","","9.53","","30.940","6","B","API 5L/ASTM A53/A106","","","","0.83","","","","","","","","","","","true"
"Seamless Line Pipe","LPS150080","Seamless Line Pipe 150x80 XS","","","","10.97","168.30","","","10.97","","42.560","6","B","API 5L/ASTM A53/A106","","","","0.99","","","","","","","","","","","true"
"Seamless Line Pipe","LPS200040","Seamless Line Pipe 200x40 STD","","","","8.18","219.10","","","8.18","","42.550","6","B","API 5L/ASTM A53/A106","","","","1.33","","","","","","","","","","","true"
"Seamless Line Pipe","LPS150XXS","Seamless Line Pipe 150xXXS","","","","21.95","168.30","","","21.95","","72.900","6","B","API 5L/ASTM A53/A106","","","","0.92","","","","","","","","","","","true"
"Seamless Line Pipe","LPS250040","Seamless Line Pipe 250x40 STD","","","","9.27","273.10","","","9.27","","60.290","6","B","API 5L/ASTM A53/A106","","","","1.66","","","","","","","","","","","true"
"Seamless Line Pipe","LPS300040","Seamless Line Pipe 300x40","","","","10.31","323.90","","","10.31","","73.780","6","B","API 5L/ASTM A53/A106","","","","1.97","","","","","","","","","","","true"
"ERW Line Pipe","LPW15010","ERW Line Pipe 150x10","","","","5.40","168.30","","","5.40","","21.300","6","B","ASTM API 5L","","","","1.02","","","","","","","","","","","true"
"ERW Line Pipe","LPW15040","ERW Line Pipe 150x40 STD","","","","7.11","168.30","","","7.11","","28.260","6.0;12.0","B","ASTM API 5L","","","","1.01","","","","","","","","","","","true"
"ERW Line Pipe","LPW20040","ERW Line Pipe 200x40 STD","","","","8.17","219.10","","","8.17","","42.490","6.0;12.0","B","ASTM API 5L","","","","1.33","","","","","","","","","","","true"
"ERW Line Pipe","LPW25020","ERW Line Pipe 250x20","","","","6.35","273.10","","","6.35","","41.760","6.0;12.0","B","ASTM API 5L","","","","1.68","","","","","","","","","","","true"
"ERW Line Pipe","LPW250478","ERW Line Pipe 250x4.78","","","","4.78","273.10","","","4.78","","31.620","6.0;12.0","B","ASTM API 5L","","","","1.69","","","","","","","","","","","true"
"ERW Line Pipe","LPW250XS","ERW Line Pipe 250xXS","","","","12.70","273.10","","","12.70","","81.550","6.0;12.0","B","ASTM API 5L","","","","1.64","","","","","","","","","","","true"
"ERW Line Pipe","LPW300XS","ERW Line Pipe 300xXS","","","","12.70","323.90","","","12.70","","97.450","12","B","ASTM API 5L","","","","1.96","","","","","","","","","","","true"
"ERW Line Pipe","LPW350XS","ERW Line Pipe 350xXS","","","","12.70","355.60","","","12.70","","107.390","6.0;12.0","B","ASTM API 5L","","","","2.15","","","","","","","","","","","true"
"ERW Line Pipe","LPW40010","ERW Line Pipe 400x10","","","","6.35","406.40","","","6.35","","62.640","6","B","ASTM API 5L","","","","2.51","","","","","","","","","","","true"
"ERW Line Pipe","LPW500STD","ERW Line Pipe 500xSTD","","","","9.53","508.00","","","9.53","","117.020","6.0;12.0","B","ASTM API 5L","","","","3.13","","","","","","","","","","","true"
"ERW Line Pipe","LPW60020","ERW Line Pipe 600x20 STD","","","","9.53","609.60","","","9.53","","141.120","6.0;12.0","B","ASTM API 5L","","","","3.77","","","","","","","","","","","true"
"ERW Line Pipe","LPW600XS","ERW Line Pipe 600xXS","","","","12.70","609.60","","","12.70","","186.940","12","B","ASTM API 5L","","","","3.75","","","","","","","","","","","true"
"Black Pipe","PBHPE020","Black Pipe Heavy 20mm","","","","3.20","26.90","","","3.20","","1.870","6.5","C250","AS1074","","","","0.15","","","","","","","","","","","true"
"Black Pipe","PBHPE032","Black Pipe Heavy 32mm","","","","4.00","42.40","","","4.00","","3.800","6.5","C250","AS1074","","","","0.24","","","","","","","","","","","true"
"Black Pipe","PBHPE050","Black Pipe Heavy 50mm","","","","4.50","60.30","","","4.50","","6.190","6.5","C250","AS1074","","","","0.35","","","","","","","","","","","true"
"Black Pipe","PBHPE065","Black Pipe Heavy 65mm","","","","4.50","76.10","","","4.50","","7.930","6.5","C250","AS1074","","","","0.45","","","","","","","","","","","true"
"Black Pipe","PBHPE080","Black Pipe Heavy 80mm","","","","5.00","88.90","","","5.00","","10.300","6.5","C250","AS1074","","","","0.53","","","","","","","","","","","true"
"Black Pipe","PBHPE090","Black Pipe Heavy 90mm","","","","5.00","101.60","","","5.00","","11.900","6.5","C250","AS1074","","","","0.61","","","","","","","","","","","true"
"Black Pipe","PBHPE150","Black Pipe Heavy 150mm","","","","5.40","165.10","","","5.40","","21.300","6.5","C250","AS1074","","","","1.00","","","","","","","","","","","true"
"Black Pipe","PBMPE100","Black Pipe Medium 100mm","","","","4.50","114.30","","","4.50","","12.200","6.5","C250","AS1074","","","","0.69","","","","","","","","","","","true"
"Galvanized Pipe","PGHPE065","Galvanized Pipe Heavy 65mm","","","","4.50","76.10","","","4.50","","8.070","6.5","C250","AS1074","","","","0.45","","","","","","","","","","","true"
"Galvanized Pipe","PGHPE090","Galvanized Pipe Heavy 90mm","","","","5.00","101.60","","","5.00","","12.100","6.5","C250","AS1074","","","","0.61","","","","","","","","","","","true"
"Galvanized Pipe","PGHPE100","Galvanized Pipe Heavy 100mm","","","","5.40","114.30","","","5.40","","14.700","6.5","C250","AS1074","","","","0.68","","","","","","","","","","","true"
"Galvanized Pipe","PGLPE090","Galvanized Pipe Light 90mm","","","","3.20","101.60","","","3.20","","7.950","6.5","C250","AS1163","","","","0.62","","","","","","","","","","","true"
"Galvanized Pipe","PGLPE150","Galvanized Pipe Light 150mm","","","","3.50","165.10","","","3.50","","14.300","6.5","C250","AS1163","","","","1.02","","","","","","","","","","","true"
"Galvanized Pipe","PGLSW040","Galvanized Pipe Swaged 40mm","","","","2.90","48.30","","","2.90","","3.330","6.5","C250","AS1163","","","","0.29","","","","","","","","","","","true"
"Galvanized Pipe","PGMPE020","Galvanized Pipe Medium 20mm","","","","2.60","26.90","","","2.60","","1.600","6.5","C250","AS1074","","","","0.15","","","","","","","","","","","true"
"Galvanized Pipe","PGMSS020","Galvanized Pipe Screwed 20mm","","","","2.60","26.90","","","2.60","","1.600","6.5","C250","AS1074","","","","0.15","","","","","","","","","","","true"
"Primed Pipe","PPLPE080","Primed Pipe Light 80mm","1200.00","","","3.20","88.90","","","3.20","2400.00","6.760","6.5","C350","AS1163","","","","0.54","","","","","","","","","","","true"
"Primed Pipe","PPMPE015","Primed Pipe Medium 15mm","","","","2.60","21.30","","","2.60","","1.210","6.5","C250","AS1074","","","","0.12","","","","","","","","","","","true"
"Primed Pipe","PPMPE025","Primed Pipe Medium 25mm","","","","3.20","33.70","","","3.20","","2.410","6.5","C250","AS1074","","","","0.19","","","","","","","","","","","true"
"Primed Pipe","PPMPE040","Primed Pipe Medium 40mm","","","","3.20","48.30","","","3.20","","3.570","6.5","C250","AS1074","","","","0.28","","","","","","","","","","","true"
"Primed Pipe","PPMPE100","Primed Pipe Medium 100mm","","","","4.50","114.30","","","4.50","","12.200","6.5","C250","AS1074","","","","0.69","","","","","","","","","","","true"
"Primed Pipe","PPMPE080","Primed Pipe Medium 80mm","","","","4.00","88.90","","","4.00","","8.370","6.5","C250","AS1074","","","","0.53","","","","","","","","","","","true"
"Primed Pipe","PPLPE050","Primed Pipe Light 50mm","1200.00","","","2.90","60.30","","","2.90","2400.00","4.110","6.5","C350","AS1163","","","","0.36","","","","","","","","","","","true"
"Seamless Line Pipe","LPS015160","Seamless Line Pipe 15x160","","","","4.78","21.30","","","4.78","","1.940","6","B","API 5L/ASTM A53/A106","","","","0.10","","","","","","","","","","","true"
"Seamless Line Pipe","LPS020080","Seamless Line Pipe 20x80 XS","","","","3.91","26.70","","","3.91","","2.200","6","B","API 5L/ASTM A53/A106","","","","0.14","","","","","","","","","","","true"
"Seamless Line Pipe","LPS020XXS","Seamless Line Pipe 20xXXS","","","","7.82","26.70","","","7.82","","3.600","6","B","API 5L/ASTM A53/A106","","","","0.12","","","","","","","","","","","true"
"Seamless Line Pipe","LPS050XXS","Seamless Line Pipe 50xXXS","","","","11.07","60.30","","","11.07","","13.400","6","B","API 5L/ASTM A53/A106","","","","0.31","","","","","","","","","","","true"
"Seamless Line Pipe","LPS080080","Seamless Line Pipe 80x80 XS","","","","7.62","88.90","","","7.62","","15.270","6","B","API 5L/ASTM A53/A106","","","","0.51","","","","","","","","","","","true"
"Seamless Line Pipe","LPS150160","Seamless Line Pipe 150x160","","","","18.26","168.30","","","18.26","","67.500","6","B","API 5L/ASTM A53/A106","","","","0.94","","","","","","","","","","","true"
"ERW Line Pipe","LPW450STD","ERW Line Pipe 450xSTD","","","","9.53","457.20","","","9.53","","105.090","6.0;12.0","B","ASTM API 5L","","","","2.81","","","","","","","","","","","true"
"Galvanized Pipe","PGHPE020","Galvanized Pipe Heavy 20mm","","","","3.20","26.90","","","3.20","","1.920","6.5","C250","AS1074","","","","0.15","","","","","","","","","","","true"
"Galvanized Pipe","PGHPE025","Galvanized Pipe Heavy 25mm","","","","4.00","33.70","","","4.00","","3.000","6.5","C250","AS1074","","","","0.19","","","","","","","","","","","true"
"Galvanized Pipe","PGHPE080","Galvanized Pipe Heavy 80mm","","","","5.00","88.90","","","5.00","","10.500","6.5","C250","AS1074","","","","0.53","","","","","","","","","","","true"
"Galvanized Pipe","PGLPE020","Galvanized Pipe Light 20mm","","","","2.30","26.90","","","2.30","","1.440","6.5","C250","AS1163","","","","0.15","","","","","","","","","","","true"
"Galvanized Pipe","PGLPE015","Galvanized Pipe Light 15mm","","","","2.00","21.30","","","2.00","","1.000","6.5","C250","AS1163","","","","0.12","","","","","","","","","","","true"
"Galvanized Pipe","PGLPE025","Galvanized Pipe Light 25mm","","","","2.60","33.70","","","2.60","","2.050","6.5","C250","AS1163","","","","0.20","","","","","","","","","","","true"
"Galvanized Pipe","PGLPE032","Galvanized Pipe Light 32mm","","","","2.60","42.20","","","2.60","","2.630","6.5","C250","AS1163","","","","0.25","","","","","","","","","","","true"
"Galvanized Pipe","PGLPE080","Galvanized Pipe Light 80mm","","","","3.20","88.90","","","3.20","","6.920","6.5","C250","AS1163","","","","0.54","","","","","","","","","","","true"
"Galvanized Pipe","PGLPE100","Galvanized Pipe Light 100mm","","","","3.60","114.30","","","3.60","","10.000","6.5","C250","AS1163","","","","0.70","","","","","","","","","","","true"
"Galvanized Pipe","PGLPE125","Galvanized Pipe Light 125mm","","","","3.50","137.90","","","3.50","","12.000","6.5","C250","AS1163","","","","0.84","","","","","","","","","","","true"
"Galvanized Pipe","PGLSW050","Galvanized Pipe Swaged 50mm","","","","2.90","60.30","","","2.90","","4.210","6.5","C250","AS1163","","","","0.36","","","","","","","","","","","true"
"Galvanized Pipe","PGMPE065","Galvanized Pipe Medium 65mm","","","","3.60","76.10","","","3.60","","6.560","6.5","C250","AS1074","","","","0.46","","","","","","","","","","","true"
"Galvanized Pipe","PGMPE050","Galvanized Pipe Medium 50mm","","","","3.60","60.30","","","3.60","","5.140","6.5","C250","AS1074","","","","0.36","","","","","","","","","","","true"
"Galvanized Pipe","PGMPE040","Galvanized Pipe Medium 40mm","","","","3.20","48.30","","","3.20","","3.650","6.5","C250","AS1074","","","","0.28","","","","","","","","","","","true"
"Galvanized Pipe","PGMPE100","Galvanized Pipe Medium 100mm","","","","4.50","114.30","","","4.50","","12.400","6.5","C250","AS1074","","","","0.69","","","","","","","","","","","true"
"Galvanized Pipe","PGMPE150","Galvanized Pipe Medium 150mm","","","","5.00","165.10","","","5.00","","20.000","6.5","C250","AS1074","","","","1.01","","","","","","","","","","","true"
"Galvanized Pipe","PGMSS015","Galvanized Pipe Screwed 15mm","","","","2.60","21.30","","","2.60","","1.240","6.5","C250","AS1074","","","","0.12","","","","","","","","","","","true"
"Galvanized Pipe","PGMSS032","Galvanized Pipe Screwed 32mm","","","","3.20","42.40","","","3.20","","3.180","6.5","C250","AS1074","","","","0.25","","","","","","","","","","","true"
"Galvanized Pipe","PGMSS040","Galvanized Pipe Screwed 40mm","","","","3.20","48.30","","","3.20","","3.650","6.5","C250","AS1074","","","","0.28","","","","","","","","","","","true"
"Galvanized Pipe","PGMSS050","Galvanized Pipe Screwed 50mm","","","","3.60","60.30","","","3.60","","5.140","6.5","C250","AS1074","","","","0.36","","","","","","","","","","","true"
"Galvanized Pipe","PGMSS150","Galvanized Pipe Screwed 150mm","","","","5.00","165.10","","","5.00","","20.000","6.5","C250","AS1074","","","","1.01","","","","","","","","","","","true"
"Galvanized Pipe","PGXLPE020","Galvanized Pipe Extra Light 20mm","","","","2.00","26.90","","","2.00","","1.280","6.5","C250","AS1163","","","","0.16","","","","","","","","","","","true"
"Galvanized Pipe","PGXLPE040","Galvanized Pipe Extra Light 40mm","","","","2.30","48.30","","","2.30","","3.330","6.5","C250","AS1163","","","","0.29","","","","","","","","","","","true"
"Galvanized Pipe","PGXLPE065","Galvanized Pipe Extra Light 65mm","","","","2.30","76.10","","","2.30","","4.330","6.5","C250","AS1163","","","","0.46","","","","","","","","","","","true"
"Primed Pipe","PPMPE032","Primed Pipe Medium 32mm","","","","3.20","42.40","","","3.20","","3.100","6.5","C250","AS1074","","","","0.25","","","","","","","","","","","true"
"Primed Pipe","PPMPE050","Primed Pipe Medium 50mm","","","","3.60","60.30","","","3.60","","5.030","6.5","C250","AS1074","","","","0.36","","","","","","","","","","","true"
"Universal Beams","SUB200022","Universal Beam 202x133x22mm","202.00","","","22.00","","133.00","7.00","5.00","","22.300","6.0;9.0;12.0;13.5;15.0","G300SO","AS3679.1","","","","1.04","ASMUSS","","","","","","","","","","true"
"Universal Columns","SUC150023","Universal Column 152x152x23mm","152.00","","","23.00","","152.00","6.80","6.10","","23.400","6.0;9.0;12.0;15.0","G300SO","AS3679.1","","","","0.87","ASMUSS","","","","","","","","","","true"
"Structural Channels","SC180075","Mild Steel Channel 180x75x11mm","180.00","","","11.00","","75.00","11.00","6.00","","20.900","6.0;9.0;10.5;12.0;15.0;16.5;18.0","G300","AS3679.1","","","","0.84","ASMUSS","","","","","","","","","","true"
"Structural Channels","SC230075","Mild Steel Channel 230x75x12mm","230.00","","","12.00","","75.00","12.00","6.50","","25.100","6.0;9.0;10.5;12.0;15.0;16.5;18.0","G300","AS3679.1","","","","1.03","ASMUSS","","","","","","","","","","true"
"Structural Channels","SC300090","Mild Steel Channel 300x90x16mm","300.00","","","16.00","","90.00","16.00","8.00","","40.100","6.0;9.0;10.5;12.0;15.0;16.5;18.0","G300","AS3679.1","","","","1.33","ASMUSS","","","","","","","","","","true"
"Duragal Channels","DGC150755","Duragal Channel 150x75x5mm","150.00","","","5.00","","75.00","4.00","4.00","","10.500","12","450","TS100","","","","0.73","ASMUSS","","","","","","","","","","true"
"Cold Formed Channels","SC076038CF","Cold Formed Channel 75x40x3mm","75.00","","","3.00","","40.00","3.00","3.00","","3.770","6","HA-250","AS1594","","","","0.37","ASMUSS","","","","","","","","","","true"
"Duragal Channels","DGC230756","Duragal Channel 230x75x6mm","230.00","","","6.00","","75.00","4.00","4.00","","16.900","12","450","TS100","","","","1.05","ASMUSS","","","","","","","","","","true"
"Duragal Channels","DGC250906","Duragal Channel 250x90x6mm","250.00","","","6.00","","90.00","4.00","4.00","","19.200","12","450","TS100","","","","1.16","ASMUSS","","","","","","","","","","true"
"Duragal Channels","DGC200755","Duragal Channel 200x75x5mm","200.00","","","5.00","","75.00","4.00","4.00","","12.400","12","450","TS100","","","","0.93","ASMUSS","","","","","","","","","","true"
"Structural Channels","SC075040","Mild Steel Channel 75x40x6.1mm","75.00","","","6.10","","40.00","6.10","3.80","","5.920","6.0;9.0;12.0","G300","AS3679.1","","","","0.36","ASMUSS","","","","","","","","","","true"
"Equal Angles","SA08006","Mild Steel Equal Angle 80x80x6mm","80.00","","","6.00","","","","","","7.340","6.0;9.0","300","AS/NZS 3679.1-300","","","","0.31","ASMUSS","","","","","","","","","","true"
"Equal Angles","SA10012","Mild Steel Equal Angle 100x100x12mm","100.00","","","12.00","","","","","","17.700","6.0;9.0;12.0","300","AS/NZS 3679.1-300","","","","0.38","ASMUSS","","","","","","","","","","true"
"Equal Angles","SA20016","Mild Steel Equal Angle 200x200x16mm","200.00","","","16.00","","","","","","48.700","9.0;12.0","300","AS/NZS 3679.1-300","","","","0.77","ASMUSS","","","","","","","","","","true"
"SHS","SHS02020","Square Hollow Section 20x20x2mm","1200.00","","","20.00","","20.00","","","2400.00","1.050","8.0;12.0","C350LO","AS/NZS 1163","","","","0.14","ASMUSS","","","","","","","","","","true"
"Squares","SQ06","Mild Steel Square 6mm","6.00","","","6.00","","6.00","","","","0.280","6","300","AS/NZS 3679.1-300","","","","0.02","ASMUSS","","","","","","","","","","true"
"DHS Purlins","DHS150/12","DHS 150/12 Purlin","65.00","","","1.15","","","","","","2.990","","G500","AS 1397","","","","0.28","","","","","","","","","","","true"
"DHS Purlins","DHS150/15","DHS 150/15 Purlin","65.00","","","1.45","","","","","","3.740","","G500","AS 1397","","","","0.28","","","","","","","","","","","true"
"DHS Purlins","DHS200/12","DHS 200/12 Purlin","75.00","","","1.15","","","","","","3.710","","G500","AS 1397","","","","0.35","","","","","","","","","","","true"
"DHS Purlins","DHS200/15","DHS 200/15 Purlin","75.00","","","1.45","","","","","","4.650","","G500","AS 1397","","","","0.35","","","","","","","","","","","true"
"DHS Purlins","DHS200/18","DHS 200/18 Purlin","75.00","","","1.75","","","","","","5.590","","G450","AS 1397","","","","0.35","","","","","","","","","","","true"
"DHS Purlins","DHS250/13","DHS 250/13 Purlin","85.00","","","1.25","","","","","","4.870","","G500","AS 1397","","","","0.42","","","","","","","","","","","true"
"DHS Purlins","DHS250/15","DHS 250/15 Purlin","85.00","","","1.45","","","","","","5.630","","G500","AS 1397","","","","0.42","","","","","","","","","","","true"
"DHS Purlins","DHS250/18","DHS 250/18 Purlin","85.00","","","1.75","","","","","","6.760","","G450","AS 1397","","","","0.42","","","","","","","","","","","true"
"DHS Purlins","DHS300/15","DHS 300/15 Purlin","100.00","","","1.45","","","","","","6.660","","G500","AS 1397","","","","0.50","","","","","","","","","","","true"
"DHS Purlins","DHS300/18","DHS 300/18 Purlin","100.00","","","1.75","","","","","","8.010","","G450","AS 1397","","","","0.50","","","","","","","","","","","true"
"DHS Purlins","DHS350/18","DHS 350/18 Purlin","100.00","","","1.75","","","","","","8.830","","G450","AS 1397","","","","0.55","","","","","","","","","","","true"
"DHS Purlins","DHS400/20","DHS 400/20 Purlin","100.00","","","1.95","","","","","","10.740","","G450","AS 1397","","","","0.60","","","","","","","","","","","true"
"Reid Bar","SRRB16","Reid Bar 16mm","","","","","16.00","","","","","1.580","6.0;9.0;12.0","500E","AS/NZS 4671","","","","0.05","ASMUSS","","","","","","","","","","true"
"Reid Bar","SRRB20","Reid Bar 20mm","","","","","20.00","","","","","2.470","6.0;9.0;12.0","500E","AS/NZS 4671","","","","0.06","ASMUSS","","","","","","","","","","true"
"Reid Bar","SRRB32","Reid Bar 32mm","","","","","32.00","","","","","6.310","9.0;12.0","500E","AS/NZS 4671","","","","0.10","ASMUSS","","","","","","","","","","true"
"Duragal Angles","DGA04025","Duragal Angle 40x40x2.5mm","40.00","","","2.50","","","","","","1.430","6","350","TS100","","","","0.16","ASMUSS","","","","","","","","","","true"
"Duragal Channels","DGC125654","Duragal Channel 125x65x4mm","125.00","","","4.00","","65.00","4.00","4.00","","7.230","9","450","TS100","","","","0.61","ASMUSS","","","","","","","","","","true"
"Duragal Angles","DGA06540","Duragal Angle 65x65x4mm","65.00","","","4.00","","","","","","3.690","9","450","TS100","","","","0.25","ASMUSS","","","","","","","","","","true"
"Universal Beams","SUB150014","Universal Beam 150x75x14mm","150.00","","","14.00","","75.00","7.00","5.00","","14.000","6.0;9.0;12.0","G300SO","AS3679.1","","","","0.71","ASMUSS","","","","","","","","","","true"
"Universal Beams","SUB180018","Universal Beam 175x90x18mm","175.00","","","18.00","","90.00","8.00","5.00","","18.100","6.0;9.0;12.0","G300SO","AS3679.1","","","","0.84","ASMUSS","","","","","","","","","","true"
"Reinforcing Grade 300","SRD10","Grade 300 Reinforcing Bar 10mm","","","","","10.00","","","","","0.620","6","300","AS/NZS 4671","","","","0.03","ASMUSS","","","","","","","","","","true"
"Universal Beams","SUB200018","Universal Beam 198x99x18mm","198.00","","","18.00","","99.00","7.00","4.50","","18.200","6.0;9.0;12.0;13.5","G300SO","AS3679.1","","","","0.95","ASMUSS","","","","","","","","","","true"
"Universal Beams","SUB200025","Universal Beam 203x133x25mm","203.00","","","25.00","","133.00","7.80","5.80","","25.400","6.0;9.0;10.5;12.0;13.5;15.0;18.0","G300SO","AS3679.1","","","","1.04","ASMUSS","","","","","","","","","","true"
"Duragal Angles","DGA06560","Duragal Angle 65x65x6mm","65.00","","","6.00","","","","","","5.620","9","450","TS100","","","","0.25","ASMUSS","","","","","","","","","","true"
"Duragal Angles","DGA07560","Duragal Angle 75x75x6mm","75.00","","","6.00","","","","","","6.560","9","450","TS100","","","","0.29","ASMUSS","","","","","","","","","","true"
"Duragal Angles","DGA10060","Duragal Angle 100x100x10mm","100.00","","","10.00","","","","","","8.920","12","400","TS100","","","","0.38","ASMUSS","","","","","","","","","","true"
"Duragal Angles","DGA05040","Duragal Angle 50x50x4mm","50.00","","","4.00","","","","","","2.790","6","450","TS100","","","","0.19","ASMUSS","","","","","","","","","","true"
"Reinforcing Mesh","SRM228","Reinforcing Mesh 50x50x4mm","50.00","","","4.00","","","","","","3.940","2.4x1.2","D500","NZS 3422:1975","","","","0.50","ASMUSS","","","","","","","","","","true"
"Reinforcing Mesh","SRM338","Reinforcing Mesh 75x75x4mm","75.00","","","4.00","","","","","","2.620","2.4x1.2;4.65x1.97","D500","NZS 3422:1975","","","","0.34","ASMUSS","","","","","","","","","","true"
"Reinforcing Mesh","SRM665","Reinforcing Mesh 150x150x5.3mm","150.00","","","5.30","","","","","","2.400","4.65x1.97","D500","NZS 3422:1975","","","","0.22","ASMUSS","","","","","","","","","","true"
"Universal Beams","SUB250026","Universal Beam 248x124x26mm","248.00","","","26.00","","124.00","8.00","5.00","","25.700","6.0;9.0;10.5;12.0;15.0;16.5;18.0","G300SO","AS3679.1","","","","1.20","ASMUSS","","","","","","","","","","true"
"Cold Rolled Sheets","SHCR20","Cold Rolled Sheet 2.0mm","2438.00","","","2.00","","","","","1219.00","15.700","2438x1219","SPCC SD","JIS G3141","","","","4.88","ASMUSS","","","","","","","","","","true"
"Electrogalvanised Sheets","SHEG12","Electrogalvanised Sheet 1.2mm","2438.00","","","1.20","","","","","1219.00","9.420","2438x1219","SECC-P","JIS G3313","","","","4.88","ASMUSS","","","","","","","","","","true"
"Electrogalvanised Sheets","SHEG16","Electrogalvanised Sheet 1.6mm","2438.00","","","1.60","","","","","1219.00","12.560","2438x1219","SECC-P","JIS G3313","","","","4.88","ASMUSS","","","","","","","","","","true"
"Electrogalvanised Sheets","SHEG19","Electrogalvanised Sheet 1.9mm","2438.00","","","1.90","","","","","1219.00","14.920","2438x1219","SECC-P","JIS G3313","","","","4.88","ASMUSS","","","","","","","","","","true"
"Electrogalvanised Sheets","SHEG25","Electrogalvanised Sheet 2.5mm","2438.00","","","2.50","","","","","1219.00","19.630","2438x1219","SECC-P","JIS G3313","","","","4.88","ASMUSS","","","","","","","","","","true"
"Electrogalvanised Sheets","SHEG30","Electrogalvanised Sheet 3.0mm","2438.00","","","3.00","","","","","1219.00","23.550","2438x1219","SECC-P","JIS G3313","","","","4.88","ASMUSS","","","","","","","","","","true"
"Galvanized Sheets","SHG055","Galvanized Sheet 0.55mm","2438.00","","","0.55","","","","","1219.00","4.710","2438x1219","S250 Z275","JIS G3302","","","","4.88","ASMUSS","","","","","","","","","","true"
"Galvanized Sheets","SHG075","Galvanized Sheet 0.75mm","2438.00","","","0.75","","","","","1219.00","6.280","2438x1219","S250 Z275","JIS G3302","","","","4.88","ASMUSS","","","","","","","","","","true"
"Galvanized Sheets","SHG095","Galvanized Sheet 0.95mm","2438.00","","","0.95","","","","","1219.00","7.850","2438x1219","S250 Z275","JIS G3302","","","","4.88","ASMUSS","","","","","","","","","","true"
"Galvanized Sheets","SHG115","Galvanized Sheet 1.15mm","2438.00","","","1.15","","","","","1219.00","9.420","2438x1219","S250 Z275","JIS G3302","","","","4.88","ASMUSS","","","","","","","","","","true"
"Galvanized Sheets","SHG155","Galvanized Sheet 1.55mm","2438.00","","","1.55","","","","","1219.00","12.560","2438x1219","S250 Z275","JIS G3302","","","","4.88","ASMUSS","","","","","","","","","","true"
"Galvanized Sheets","SHG200","Galvanized Sheet 2.0mm","2438.00","","","2.00","","","","","1219.00","15.660","2438x1219","S250 Z275","JIS G3302","","","","4.88","ASMUSS","","","","","","","","","","true"
"Galvanized Sheets","SHG250","Galvanized Sheet 2.5mm","2438.00","","","2.50","","","","","1219.00","19.850","2438x1219","S250 Z275","JIS G3302","","","","4.88","ASMUSS","","","","","","","","","","true"
"RHS","RHS07505040","Rectangular Hollow Section 75x50x4mm","75.00","","","4.00","","50.00","","","","6.920","8.0;12.0","C350LO","AS/NZS 1163","","","","0.47","ASMUSS","","","","","","","","","","true"
"RHS","RHS07505050","Rectangular Hollow Section 75x50x5mm","75.00","","","5.00","","50.00","","","","8.350","8.0;12.0","C350LO","AS/NZS 1163","","","","0.46","ASMUSS","","","","","","","","","","true"
"RHS","RHS07505060","Rectangular Hollow Section 75x50x6mm","75.00","","","6.00","","50.00","","","","9.670","8.0;12.0","C350LO","AS/NZS 1163","","","","0.45","ASMUSS","","","","","","","","","","true"
"Flats","SF02508","Mild Steel Flat 25x8mm","25.00","","","8.00","","","","","","1.570","6","300","AS/NZS 3679.1-300","","","","0.07","ASMUSS","","","","","","","","","","true"
"Flats","SF02512","Mild Steel Flat 25x12mm","25.00","","","12.00","","","","","","2.360","6","300","AS/NZS 3679.1-300","","","","0.07","ASMUSS","","","","","","","","","","true"
"Flats","SF03003","Mild Steel Flat 30x3mm","30.00","","","3.00","","","","","","0.710","6","300","AS/NZS 3679.1-300","","","","0.07","ASMUSS","","","","","","","","","","true"
"SHS","SHS08960","Square Hollow Section 89x89x6mm","1200.00","","","89.00","","89.00","","","2400.00","14.700","8.0;12.0","C350LO","AS/NZS 1163","","","","0.66","ASMUSS","","","","","","","","","","true"
"SHS","SHS12550","Square Hollow Section 125x125x5mm","1200.00","","","125.00","","125.00","","","2400.00","18.200","8.0;12.0","C350LO","AS/NZS 1163","","","","0.96","ASMUSS","","","","","","","","","","true"
"SHS","SHS15090","Square Hollow Section 150x150x9mm","1200.00","","","150.00","","150.00","","","2400.00","37.700","8.0;12.0","C350LO","AS/NZS 1163","","","","1.13","ASMUSS","","","","","","","","","","true"
"Universal Columns","SUC200052","Universal Column 206x204x52mm","206.00","","","52.00","","204.00","12.50","8.00","","52.200","6.0;9.0;12.0;13.5;15.0;18.0","G300SO","AS3679.1","","","","1.17","ASMUSS","","","","","","","","","","true"
"Flats","SF03010","Mild Steel Flat 30x10mm","30.00","","","10.00","","","","","","2.360","6","300","AS/NZS 3679.1-300","","","","0.08","ASMUSS","","","","","","","","","","true"
"Flats","SF03205","Mild Steel Flat 32x5mm","32.00","","","5.00","","","","","","1.260","6","300","AS/NZS 3679.1-300","","","","0.07","ASMUSS","","","","","","","","","","true"
"Flats","SF04005","Mild Steel Flat 40x5mm","40.00","","","5.00","","","","","","1.570","6","300","AS/NZS 3679.1-300","","","","0.09","ASMUSS","","","","","","","","","","true"
"Flats","SF04006","Mild Steel Flat 40x6mm","40.00","","","6.00","","","","","","1.880","6","300","AS/NZS 3679.1-300","","","","0.09","ASMUSS","","","","","","","","","","true"
"Flats","SF05016","Mild Steel Flat 50x16mm","50.00","","","16.00","","","","","","6.280","6","300","AS/NZS 3679.1-300","","","","0.13","ASMUSS","","","","","","","","","","true"
"Flats","SF05020","Mild Steel Flat 50x20mm","50.00","","","20.00","","","","","","7.850","6","300","AS/NZS 3679.1-300","","","","0.14","ASMUSS","","","","","","","","","","true"
"Flats","SF05025","Mild Steel Flat 50x25mm","50.00","","","25.00","","","","","","9.810","6","300","AS/NZS 3679.1-300","","","","0.15","ASMUSS","","","","","","","","","","true"
"Flats","SF06508","Mild Steel Flat 65x8mm","65.00","","","8.00","","","","","","4.010","6","300","AS/NZS 3679.1-300","","","","0.15","ASMUSS","","","","","","","","","","true"
"Flats","SF06510","Mild Steel Flat 65x10mm","65.00","","","10.00","","","","","","5.100","6","300","AS/NZS 3679.1-300","","","","0.15","ASMUSS","","","","","","","","","","true"
"Flats","SF07503","Mild Steel Flat 75x3mm","75.00","","","3.00","","","","","","1.770","6","300","AS/NZS 3679.1-300","","","","0.16","ASMUSS","","","","","","","","","","true"
"Flats","SF07506","Mild Steel Flat 75x6mm","75.00","","","6.00","","","","","","3.530","6","300","AS/NZS 3679.1-300","","","","0.16","ASMUSS","","","","","","","","","","true"
"Flats","SF07510","Mild Steel Flat 75x10mm","75.00","","","10.00","","","","","","5.890","6","300","AS/NZS 3679.1-300","","","","0.17","ASMUSS","","","","","","","","","","true"
"Flats","SF07520","Mild Steel Flat 75x20mm","75.00","","","20.00","","","","","","11.780","6","300","AS/NZS 3679.1-300","","","","0.19","ASMUSS","","","","","","","","","","true"
"Flats","SF07525","Mild Steel Flat 75x25mm","75.00","","","25.00","","","","","","14.720","6","300","AS/NZS 3679.1-300","","","","0.20","ASMUSS","","","","","","","","","","true"
"RHS","RHS15005040","Rectangular Hollow Section 150x50x4mm","150.00","","","4.00","","50.00","","","","11.600","8.0;12.0","C350LO","AS/NZS 1163","","","","0.77","ASMUSS","","","","","","","","","","true"
"RHS","RHS15010050","Rectangular Hollow Section 150x100x5mm","150.00","","","5.00","","100.00","","","","18.200","8.0;12.0","C350LO","AS/NZS 1163","","","","0.96","ASMUSS","","","","","","","","","","true"
"RHS","RHS20010050","Rectangular Hollow Section 200x100x5mm","200.00","","","5.00","","100.00","","","","22.100","8.0;12.0","C350LO","AS/NZS 1163","","","","1.16","ASMUSS","","","","","","","","","","true"
"RHS","RHS15075090","Rectangular Hollow Section 150x75x9mm","150.00","","","9.00","","75.00","","","","27.600","8.0;12.0","C350LO","AS/NZS 1163","","","","0.83","ASMUSS","","","","","","","","","","true"
"RHS","RHS20010090","Rectangular Hollow Section 200x100x9mm","200.00","","","9.00","","100.00","","","","37.700","8.0;12.0","C350LO","AS/NZS 1163","","","","1.13","ASMUSS","","","","","","","","","","true"
"RHS","RHS10005050","Rectangular Hollow Section 100x50x5mm","100.00","","","5.00","","50.00","","","","10.300","8.0;12.0","C350LO","AS/NZS 1163","","","","0.56","ASMUSS","","","","","","","","","","true"
"Flats","SF02005","Mild Steel Flat 20x5mm","20.00","","","5.00","","","","","","0.790","6","300","AS/NZS 3679.1-300","","","","0.05","ASMUSS","","","","","","","","","","true"
"Flats","SF02506","Mild Steel Flat 25x6mm","25.00","","","6.00","","","","","","1.180","6","300","AS/NZS 3679.1-300","","","","0.06","ASMUSS","","","","","","","","","","true"
"Flats","SF03203","Mild Steel Flat 32x3mm","32.00","","","3.00","","","","","","0.750","6","300","AS/NZS 3679.1-300","","","","0.07","ASMUSS","","","","","","","","","","true"
"Flats","SF03206","Mild Steel Flat 32x6mm","32.00","","","6.00","","","","","","1.510","6","300","AS/NZS 3679.1-300","","","","0.08","ASMUSS","","","","","","","","","","true"
"Flats","SF04003","Mild Steel Flat 40x3mm","40.00","","","3.00","","","","","","0.940","6","300","AS/NZS 3679.1-300","","","","0.09","ASMUSS","","","","","","","","","","true"
"Flats","SF04008","Mild Steel Flat 40x8mm","40.00","","","8.00","","","","","","2.510","6","300","AS/NZS 3679.1-300","","","","0.10","ASMUSS","","","","","","","","","","true"
"Flats","SF05006","Mild Steel Flat 50x6mm","50.00","","","6.00","","","","","","2.360","6","300","AS/NZS 3679.1-300","","","","0.11","ASMUSS","","","","","","","","","","true"
"Flats","SF06006","Mild Steel Flat 60x6mm","60.00","","","6.00","","","","","","2.830","6","300","AS/NZS 3679.1-300","","","","0.13","ASMUSS","","","","","","","","","","true"
"Flats","SF06010","Mild Steel Flat 60x10mm","60.00","","","10.00","","","","","","4.710","6","300","AS/NZS 3679.1-300","","","","0.14","ASMUSS","","","","","","","","","","true"
"Flats","SF06503","Mild Steel Flat 65x3mm","65.00","","","3.00","","","","","","1.530","6","300","AS/NZS 3679.1-300","","","","0.14","ASMUSS","","","","","","","","","","true"
"Flats","SF06506","Mild Steel Flat 65x6mm","65.00","","","6.00","","","","","","2.060","6","300","AS/NZS 3679.1-300","","","","0.14","ASMUSS","","","","","","","","","","true"
"Flats","SF07508","Mild Steel Flat 75x8mm","75.00","","","8.00","","","","","","4.710","6","300","AS/NZS 3679.1-300","","","","0.17","ASMUSS","","","","","","","","","","true"
"Flats","SF08010","Mild Steel Flat 80x10mm","80.00","","","10.00","","","","","","6.280","6","300","AS/NZS 3679.1-300","","","","0.18","ASMUSS","","","","","","","","","","true"
"Flats","SF09010","Mild Steel Flat 90x10mm","90.00","","","10.00","","","","","","7.070","6","300","AS/NZS 3679.1-300","","","","0.20","ASMUSS","","","","","","","","","","true"
"Flats","SF09012","Mild Steel Flat 90x12mm","90.00","","","12.00","","","","","","8.480","6","300","AS/NZS 3679.1-300","","","","0.20","ASMUSS","","","","","","","","","","true"
"Flats","SF10020","Mild Steel Flat 100x20mm","100.00","","","20.00","","","","","","15.700","6","300","AS/NZS 3679.1-300","","","","0.24","ASMUSS","","","","","","","","","","true"
"Flats","SF13006","Mild Steel Flat 130x6mm","130.00","","","6.00","","","","","","6.120","6","300","AS/NZS 3679.1-300","","","","0.27","ASMUSS","","","","","","","","","","true"
"Flats","SF13008","Mild Steel Flat 130x8mm","130.00","","","8.00","","","","","","8.160","6","300","AS/NZS 3679.1-300","","","","0.28","ASMUSS","","","","","","","","","","true"
"Flats","SF13016","Mild Steel Flat 130x16mm","130.00","","","16.00","","","","","","16.330","6","300","AS/NZS 3679.1-300","","","","0.29","ASMUSS","","","","","","","","","","true"
"Flats","SF18006","Mild Steel Flat 180x6mm","180.00","","","6.00","","","","","","8.480","6","300","AS/NZS 3679.1-300","","","","0.37","ASMUSS","","","","","","","","","","true"
"Flats","SF20006","Mild Steel Flat 200x6mm","200.00","","","6.00","","","","","","9.420","6","300","AS/NZS 3679.1-300","","","","0.41","ASMUSS","","","","","","","","","","true"
"Flats","SF20008","Mild Steel Flat 200x8mm","200.00","","","8.00","","","","","","12.560","6","300","AS/NZS 3679.1-300","","","","0.42","ASMUSS","","","","","","","","","","true"
"Flats","SF20012","Mild Steel Flat 200x12mm","200.00","","","12.00","","","","","","18.840","6","300","AS/NZS 3679.1-300","","","","0.42","ASMUSS","","","","","","","","","","true"
"Flats","SF25006","Mild Steel Flat 250x6mm","250.00","","","6.00","","","","","","11.780","6","300","AS/NZS 3679.1-300","","","","0.51","ASMUSS","","","","","","","","","","true"
"RHS","RHS15010060","Rectangular Hollow Section 150x100x6mm","150.00","","","6.00","","100.00","","","","21.400","8.0;12.0","C350LO","AS/NZS 1163","","","","0.95","ASMUSS","","","","","","","","","","true"
"Squares","SQ38","Mild Steel Square 38mm","38.00","","","38.00","","38.00","","","","11.340","6","300","AS/NZS 3679.1-300","","","","0.15","ASMUSS","","","","","","","","","","true"
"Unequal Angles","SUA12507508","Mild Steel Unequal Angle 125x75x8mm","125.00","125.00","75.00","8.00","","","","","","11.800","6.0;9.0;12.0","300","AS/NZS 3679.1-300","","","","0.38","ASMUSS","","","","","","","","","","true"
"Unequal Angles","SUA15009012","Mild Steel Unequal Angle 150x90x12mm","150.00","150.00","90.00","12.00","","","","","","21.600","9","300","AS/NZS 3679.1-300","","","","0.46","ASMUSS","","","","","","","","","","true"
"Flats","SF04010","Mild Steel Flat 40x10mm","40.00","","","10.00","","","","","","3.140","6","300","AS/NZS 3679.1-300","","","","0.10","ASMUSS","","","","","","","","","","true"
"Flats","SF15008","Mild Steel Flat 150x8mm","150.00","","","8.00","","","","","","9.420","6","300","AS/NZS 3679.1-300","","","","0.32","ASMUSS","","","","","","","","","","true"
"Flats","SF15010","Mild Steel Flat 150x10mm","150.00","","","10.00","","","","","","11.780","6","300","AS/NZS 3679.1-300","","","","0.32","ASMUSS","","","","","","","","","","true"
"Flats","SF15016","Mild Steel Flat 150x16mm","150.00","","","16.00","","","","","","18.840","6","300","AS/NZS 3679.1-300","","","","0.33","ASMUSS","","","","","","","","","","true"
"Flats","SF15020","Mild Steel Flat 150x20mm","150.00","","","20.00","","","","","","23.550","6","300","AS/NZS 3679.1-300","","","","0.34","ASMUSS","","","","","","","","","","true"
"Flats","SF18010","Mild Steel Flat 180x10mm","180.00","","","10.00","","","","","","14.130","6","300","AS/NZS 3679.1-300","","","","0.38","ASMUSS","","","","","","","","","","true"
"Flats","SF20016","Mild Steel Flat 200x16mm","200.00","","","16.00","","","","","","25.120","6","300","AS/NZS 3679.1-300","","","","0.43","ASMUSS","","","","","","","","","","true"
"Flats","SF23010","Mild Steel Flat 230x10mm","230.00","","","10.00","","","","","","18.060","6","300","AS/NZS 3679.1-300","","","","0.48","ASMUSS","","","","","","","","","","true"
"Flats","SF30016","Mild Steel Flat 300x16mm","300.00","","","16.00","","","","","","37.680","6","300","AS/NZS 3679.1-300","","","","0.63","ASMUSS","","","","","","","","","","true"
"Squares","SQ40","Mild Steel Square 40mm","40.00","","","40.00","","40.00","","","","12.560","6","300","AS/NZS 3679.1-300","","","","0.16","ASMUSS","","","","","","","","","","true"
"Equal Angles","SA02003","Mild Steel Equal Angle 20x20x3mm","20.00","","","3.00","","","","","","0.860","6","300","AS/NZS 3679.1-300","","","","0.07","ASMUSS","","","","","","","","","","true"
"Equal Angles","SA02503","Mild Steel Equal Angle 25x25x3mm","25.00","","","3.00","","","","","","1.120","6","300","AS/NZS 3679.1-300","","","","0.09","ASMUSS","","","","","","","","","","true"
"RHS","RHS06503520","Rectangular Hollow Section 65x35x2mm","65.00","","","2.00","","35.00","","","","2.930","8.0;12.0","C350LO","AS/NZS 1163","","","","0.38","ASMUSS","","","","","","","","","","true"
"RHS","RHS06503530","Rectangular Hollow Section 65x35x3mm","65.00","","","3.00","","35.00","","","","4.250","8.0;12.0","C350LO","AS/NZS 1163","","","","0.38","ASMUSS","","","","","","","","","","true"
"RHS","RHS12507530","Rectangular Hollow Section 125x75x3mm","125.00","","","3.00","","75.00","","","","8.960","8.0;12.0","C350LO","AS/NZS 1163","","","","0.78","ASMUSS","","","","","","","","","","true"
"RHS","RHS12507560","Rectangular Hollow Section 125x75x6mm","125.00","","","6.00","","75.00","","","","16.700","8.0;12.0","C350LO","AS/NZS 1163","","","","0.75","ASMUSS","","","","","","","","","","true"
"Flats","SF02510","Mild Steel Flat 25x10mm","25.00","","","10.00","","","","","","1.960","6","300","AS/NZS 3679.1-300","","","","0.07","ASMUSS","","","","","","","","","","true"
"Flats","SF04016","Mild Steel Flat 40x16mm","40.00","","","16.00","","","","","","5.020","6","300","AS/NZS 3679.1-300","","","","0.11","ASMUSS","","","","","","","","","","true"
"Flats","SF05008","Mild Steel Flat 50x8mm","50.00","","","8.00","","","","","","3.140","6","300","AS/NZS 3679.1-300","","","","0.12","ASMUSS","","","","","","","","","","true"
"Flats","SF07512","Mild Steel Flat 75x12mm","75.00","","","12.00","","","","","","7.070","6","300","AS/NZS 3679.1-300","","","","0.17","ASMUSS","","","","","","","","","","true"
"Flats","SF08006","Mild Steel Flat 80x6mm","80.00","","","6.00","","","","","","3.770","6","300","AS/NZS 3679.1-300","","","","0.17","ASMUSS","","","","","","","","","","true"
"Universal Columns","SUC310137","Universal Column 321x309x137mm","321.00","","","137.00","","309.00","21.70","13.80","","137.000","6.0;9.0;12.0;15.0;18.0","G300SO","AS3679.1","","","","1.79","ASMUSS","","","","","","","","","","true"
"Equal Angles","SA04003","Mild Steel Equal Angle 40x40x3mm","40.00","","","3.00","","","","","","1.830","6","300","AS/NZS 3679.1-300","","","","0.15","ASMUSS","","","","","","","","","","true"
"Equal Angles","SA04005","Mild Steel Equal Angle 40x40x5mm","40.00","","","5.00","","","","","","2.730","6","300","AS/NZS 3679.1-300","","","","0.15","ASMUSS","","","","","","","","","","true"
"Equal Angles","SA05005","Mild Steel Equal Angle 50x50x5mm","50.00","","","5.00","","","","","","3.480","6.0;9.0","300","AS/NZS 3679.1-300","","","","0.19","ASMUSS","","","","","","","","","","true"
"Equal Angles","SA07508","Mild Steel Equal Angle 75x75x8mm","75.00","","","8.00","","","","","","8.730","6.0;9.0;12.0","300","AS/NZS 3679.1-300","","","","0.28","ASMUSS","","","","","","","","","","true"
"RHS","RHS12705135","Rectangular Hollow Section 127x51x3.5mm","127.00","","","3.50","","51.00","","","","9.090","8.0;12.0","C350LO","AS/NZS 1163","","","","0.68","ASMUSS","","","","","","","","","","true"
"RHS","RHS15010090","Rectangular Hollow Section 150x100x9mm","150.00","","","9.00","","100.00","","","","30.600","8.0;12.0","C350LO","AS/NZS 1163","","","","0.93","ASMUSS","","","","","","","","","","true"
"RHS","RHS15207650","Rectangular Hollow Section 152x76x5mm","152.00","","","5.00","","76.00","","","","16.440","8.0;12.0","C350LO","AS/NZS 1163","","","","0.87","ASMUSS","","","","","","","","","","true"
"RHS","RHS15207660","Rectangular Hollow Section 152x76x6mm","152.00","","","6.00","","76.00","","","","19.380","8.0;12.0","C350LO","AS/NZS 1163","","","","0.86","ASMUSS","","","","","","","","","","true"
"RHS","RHS20015090","Rectangular Hollow Section 200x150x9mm","200.00","","","9.00","","150.00","","","","45.300","8.0;12.0","C350LO","AS/NZS 1163","","","","1.33","ASMUSS","","","","","","","","","","true"
"RHS","RHS25015060","Rectangular Hollow Section 250x150x6mm","250.00","","","6.00","","150.00","","","","35.600","8.0;12.0","C350LO","AS/NZS 1163","","","","1.55","ASMUSS","","","","","","","","","","true"
"Flats","SF02006","Mild Steel Flat 20x6mm","20.00","","","6.00","","","","","","0.940","6","300","AS/NZS 3679.1-300","","","","0.05","ASMUSS","","","","","","","","","","true"
"Flats","SF02010","Mild Steel Flat 20x10mm","20.00","","","10.00","","","","","","1.570","6","300","AS/NZS 3679.1-300","","","","0.06","ASMUSS","","","","","","","","","","true"
"Flats","SF02503","Mild Steel Flat 25x3mm","25.00","","","3.00","","","","","","0.590","6","300","AS/NZS 3679.1-300","","","","0.06","ASMUSS","","","","","","","","","","true"
"Flats","SF08012","Mild Steel Flat 80x12mm","80.00","","","12.00","","","","","","7.540","6","300","AS/NZS 3679.1-300","","","","0.18","ASMUSS","","","","","","","","","","true"
"Flats","SF10003","Mild Steel Flat 100x3mm","100.00","","","3.00","","","","","","2.360","6","300","AS/NZS 3679.1-300","","","","0.21","ASMUSS","","","","","","","","","","true"
"Flats","SF10008","Mild Steel Flat 100x8mm","100.00","","","8.00","","","","","","6.280","6","300","AS/NZS 3679.1-300","","","","0.22","ASMUSS","","","","","","","","","","true"
"Flats","SF10010","Mild Steel Flat 100x10mm","100.00","","","10.00","","","","","","7.850","6","300","AS/NZS 3679.1-300","","","","0.22","ASMUSS","","","","","","","","","","true"
"Flats","SF10016","Mild Steel Flat 100x16mm","100.00","","","16.00","","","","","","12.560","6","300","AS/NZS 3679.1-300","","","","0.23","ASMUSS","","","","","","","","","","true"
"Flats","SF10025","Mild Steel Flat 100x25mm","100.00","","","25.00","","","","","","19.630","6","300","AS/NZS 3679.1-300","","","","0.25","ASMUSS","","","","","","","","","","true"
"Flats","SF25012","Mild Steel Flat 250x12mm","250.00","","","12.00","","","","","","23.550","6","300","AS/NZS 3679.1-300","","","","0.52","ASMUSS","","","","","","","","","","true"
"Flats","SF30020","Mild Steel Flat 300x20mm","300.00","","","20.00","","","","","","47.100","6","300","AS/NZS 3679.1-300","","","","0.64","ASMUSS","","","","","","","","","","true"
"Flats","SF01603","Mild Steel Flat 16x3mm","16.00","","","3.00","","","","","","0.380","6","300","AS/NZS 3679.1-300","","","","0.04","ASMUSS","","","","","","","","","","true"
"Equal Angles","SA05008","Mild Steel Equal Angle 50x50x8mm","50.00","","","8.00","","","","","","5.680","6.0;9.0","300","AS/NZS 3679.1-300","","","","0.18","ASMUSS","","","","","","","","","","true"
"Equal Angles","SA06006","Mild Steel Equal Angle 60x60x6mm","60.00","","","6.00","","","","","","5.420","6.0;9.0","300","AS/NZS 3679.1-300","","","","0.23","ASMUSS","","","","","","","","","","true"
"Rounds","SR24","Mild Steel Round 24mm","","","","","24.00","","","","","3.550","6","300","AS/NZS 3679.1-300","","","","0.08","ASMUSS","","","","","","","","","","true"
"RHS","RHS10005020","Rectangular Hollow Section 100x50x2mm","100.00","","","2.00","","50.00","","","","4.500","8","C350LO","AS/NZS 1163","","","","0.58","ASMUSS","","","","","","","","","","true"
"Equal Angles","SA06510","Mild Steel Equal Angle 65x65x10mm","65.00","","","10.00","","","","","","9.020","9","300","AS/NZS 3679.1-300","","","","0.24","ASMUSS","","","","","","","","","","true"
"RHS","RHS07502525","Rectangular Hollow Section 75x25x2.5mm","75.00","","","2.50","","25.00","","","","3.600","8.0;12.0","C350LO","AS/NZS 1163","","","","0.38","ASMUSS","","","","","","","","","","true"
"RHS","RHS07603840","Rectangular Hollow Section 76x38x4mm","76.00","","","4.00","","38.00","","","","6.230","8.0;12.0","C350LO","AS/NZS 1163","","","","0.42","ASMUSS","","","","","","","","","","true"
"RHS","RHS05002520","Rectangular Hollow Section 50x25x2mm","50.00","","","2.00","","25.00","","","","2.150","8.0;12.0","C350LO","AS/NZS 1163","","","","0.28","ASMUSS","","","","","","","","","","true"
"RHS","RHS10207635","Rectangular Hollow Section 102x76x3.5mm","102.00","","","3.50","","76.00","","","","9.090","8.0;12.0","C350LO","AS/NZS 1163","","","","0.68","ASMUSS","","","","","","","","","","true"
"RHS","RHS10207660","Rectangular Hollow Section 102x76x6mm","102.00","","","6.00","","76.00","","","","14.670","8.0;12.0","C350LO","AS/NZS 1163","","","","0.66","ASMUSS","","","","","","","","","","true"
"Cattle Rail RHS","RHS11504220","Cattle Rail Hollow Section 115x42x2mm","115.00","","","2.00","","42.00","","","","4.290","6.1","C350LO","AS/NZS 1163","","","","0.61","ASMUSS","","","","","","","","","","true"
"RHS","RHS12705150","Rectangular Hollow Section 127x51x5mm","127.00","","","5.00","","51.00","","","","12.500","8.0;12.0","C350LO","AS/NZS 1163","","","","0.67","ASMUSS","","","","","","","","","","true"
"RHS","RHS15005030","Rectangular Hollow Section 150x50x3mm","150.00","","","3.00","","50.00","","","","8.960","8.0;12.0","C350LO","AS/NZS 1163","","","","0.78","ASMUSS","","","","","","","","","","true"
"RHS","RHS15005050","Rectangular Hollow Section 150x50x5mm","150.00","","","5.00","","50.00","","","","14.200","8.0;12.0","C350LO","AS/NZS 1163","","","","0.76","ASMUSS","","","","","","","","","","true"
"RHS","RHS20010040","Rectangular Hollow Section 200x100x4mm","200.00","","","4.00","","100.00","","","","17.900","8.0;12.0","C350LO","AS/NZS 1163","","","","1.17","ASMUSS","","","","","","","","","","true"
"RHS","RHS20010060","Rectangular Hollow Section 200x100x6mm","200.00","","","6.00","","100.00","","","","26.200","8.0;12.0","C350LO","AS/NZS 1163","","","","1.15","ASMUSS","","","","","","","","","","true"
"Flats","SF03005","Mild Steel Flat 30x5mm","30.00","","","5.00","","","","","","1.180","6","300","AS/NZS 3679.1-300","","","","0.07","ASMUSS","","","","","","","","","","true"
"Flats","SF03208","Mild Steel Flat 32x8mm","32.00","","","8.00","","","","","","2.010","6","300","AS/NZS 3679.1-300","","","","0.08","ASMUSS","","","","","","","","","","true"
"Flats","SF04012","Mild Steel Flat 40x12mm","40.00","","","12.00","","","","","","3.770","6","300","AS/NZS 3679.1-300","","","","0.10","ASMUSS","","","","","","","","","","true"
"Flats","SF05003","Mild Steel Flat 50x3mm","50.00","","","3.00","","","","","","1.180","6","300","AS/NZS 3679.1-300","","","","0.11","ASMUSS","","","","","","","","","","true"
"Flats","SF05012","Mild Steel Flat 50x12mm","50.00","","","12.00","","","","","","4.710","6","300","AS/NZS 3679.1-300","","","","0.12","ASMUSS","","","","","","","","","","true"
"Flats","SF06505","Mild Steel Flat 65x5mm","65.00","","","5.00","","","","","","2.550","6","300","AS/NZS 3679.1-300","","","","0.14","ASMUSS","","","","","","","","","","true"
"Flats","SF07505","Mild Steel Flat 75x5mm","75.00","","","5.00","","","","","","2.940","6","300","AS/NZS 3679.1-300","","","","0.16","ASMUSS","","","","","","","","","","true"
"Flats","SF09006","Mild Steel Flat 90x6mm","90.00","","","6.00","","","","","","4.240","6","300","AS/NZS 3679.1-300","","","","0.19","ASMUSS","","","","","","","","","","true"
"Flats","SF10006","Mild Steel Flat 100x6mm","100.00","","","6.00","","","","","","4.710","6","300","AS/NZS 3679.1-300","","","","0.21","ASMUSS","","","","","","","","","","true"
"Flats","SF10012","Mild Steel Flat 100x12mm","100.00","","","12.00","","","","","","9.420","6","300","AS/NZS 3679.1-300","","","","0.22","ASMUSS","","","","","","","","","","true"
"Flats","SF13010","Mild Steel Flat 130x10mm","130.00","","","10.00","","","","","","10.210","6","300","AS/NZS 3679.1-300","","","","0.28","ASMUSS","","","","","","","","","","true"
"Flats","SF15006","Mild Steel Flat 150x6mm","150.00","","","6.00","","","","","","7.070","6","300","AS/NZS 3679.1-300","","","","0.31","ASMUSS","","","","","","","","","","true"
"Flats","SF15012","Mild Steel Flat 150x12mm","150.00","","","12.00","","","","","","14.130","6","300","AS/NZS 3679.1-300","","","","0.32","ASMUSS","","","","","","","","","","true"
"Flats","SF15025","Mild Steel Flat 150x25mm","150.00","","","25.00","","","","","","29.440","6","300","AS/NZS 3679.1-300","","","","0.35","ASMUSS","","","","","","","","","","true"
"Flats","SF20010","Mild Steel Flat 200x10mm","200.00","","","10.00","","","","","","15.700","6","300","AS/NZS 3679.1-300","","","","0.42","ASMUSS","","","","","","","","","","true"
"Flats","SF20025","Mild Steel Flat 200x25mm","200.00","","","25.00","","","","","","39.250","6","300","AS/NZS 3679.1-300","","","","0.45","ASMUSS","","","","","","","","","","true"
"Flats","SF25010","Mild Steel Flat 250x10mm","250.00","","","10.00","","","","","","19.630","6","300","AS/NZS 3679.1-300","","","","0.52","ASMUSS","","","","","","","","","","true"
"Flats","SF30025","Mild Steel Flat 300x25mm","300.00","","","25.00","","","","","","58.880","6","300","AS/NZS 3679.1-300","","","","0.65","ASMUSS","","","","","","","","","","true"
"Reinforcing Grade 300","SRD12","Grade 300 Reinforcing Bar 12mm","","","","","12.00","","","","","0.890","6","300","AS/NZS 4671","","","","0.04","ASMUSS","","","","","","","","","","true"
"Squares","SQ19","Mild Steel Square 19mm","19.00","","","19.00","","19.00","","","","2.980","6","300","AS/NZS 3679.1-300","","","","0.08","ASMUSS","","","","","","","","","","true"
"Squares","SQ50","Mild Steel Square 50mm","50.00","","","50.00","","50.00","","","","19.630","6","300","AS/NZS 3679.1-300","","","","0.20","ASMUSS","","","","","","","","","","true"
"Flats","SF02505","Mild Steel Flat 25x5mm","25.00","","","5.00","","","","","","0.980","6","300","AS/NZS 3679.1-300","","","","0.06","ASMUSS","","","","","","","","","","true"
"Equal Angles","SA06505","Mild Steel Equal Angle 65x65x5mm","65.00","","","5.00","","","","","","4.560","6.0;9.0","300","AS/NZS 3679.1-300","","","","0.25","ASMUSS","","","","","","","","","","true"
"Equal Angles","SA07506","Mild Steel Equal Angle 75x75x6mm","75.00","","","6.00","","","","","","6.810","6.0;9.0;12.0","300","AS/NZS 3679.1-300","","","","0.29","ASMUSS","","","","","","","","","","true"
"RHS","RHS05002525","Rectangular Hollow Section 50x25x2.5mm","50.00","","","2.50","","25.00","","","","2.620","8.0;12.0","C350LO","AS/NZS 1163","","","","0.28","ASMUSS","","","","","","","","","","true"
"Universal Columns","SUC310158","Universal Column 327x311x158mm","327.00","","","158.00","","311.00","25.00","15.70","","158.000","6.0;9.0;12.0;15.0;18.0","G300SO","AS3679.1","","","","1.80","ASMUSS","","","","","","","","","","true"
"Universal Columns","SUC100015","Universal Column 97x99x15mm","97.00","","","15.00","","99.00","7.00","5.00","","14.800","6.0;9.0;12.0;15.0","G300SO","AS3679.1","","","","0.55","ASMUSS","","","","","","","","","","true"
"Universal Beams","SUB250031","Universal Beam 252x146x31mm","252.00","","","31.00","","146.00","8.60","6.10","","31.400","6.0;9.0;10.5;12.0;13.5;15.0;18.0","G300SO","AS3679.1","","","","1.25","ASMUSS","","","","","","","","","","true"
"SHS","SHS02525","Square Hollow Section 25x25x2.5mm","1200.00","","","25.00","","25.00","","","2400.00","1.640","8.0;12.0","C350LO","AS/NZS 1163","","","","0.18","ASMUSS","","","","","","","","","","true"
"SHS","SHS03525","Square Hollow Section 35x35x2.5mm","1200.00","","","35.00","","35.00","","","2400.00","2.420","8.0;12.0","C350LO","AS/NZS 1163","","","","0.26","ASMUSS","","","","","","","","","","true"
"SHS","SHS04030","Square Hollow Section 40x40x3mm","1200.00","","","40.00","","40.00","","","2400.00","3.300","8.0;12.0","C350LO","AS/NZS 1163","","","","0.30","ASMUSS","","","","","","","","","","true"
"SHS","SHS04040","Square Hollow Section 40x40x4mm","1200.00","","","40.00","","40.00","","","2400.00","4.090","8.0;12.0","C350LO","AS/NZS 1163","","","","0.29","ASMUSS","","","","","","","","","","true"
"Reinforcing Mesh","SRM225","Reinforcing Mesh 50x50x5.3mm","50.00","","","5.30","","","","","","6.930","2.4x1.2","D500","NZS 3422:1975","","","","0.67","ASMUSS","","","","","","","","","","true"
"Universal Beams","SUB310032","Universal Beam 298x149x32mm","298.00","","","32.00","","149.00","8.00","5.50","","32.000","6.0;9.0;10.5;12.0;15.0;18.0","G300SO","AS3679.1","","","","1.45","ASMUSS","","","","","","","","","","true"
"Reid Bar","SRRB25","Reid Bar 25mm","","","","","25.00","","","","","3.850","6.0;9.0;12.0","500E","AS/NZS 4671","","","","0.08","ASMUSS","","","","","","","","","","true"
"RHS","RHS10005025","Rectangular Hollow Section 100x50x2.5mm","100.00","","","2.50","","50.00","","","","5.560","8.0;12.0","C350LO","AS/NZS 1163","","","","0.58","ASMUSS","","","","","","","","","","true"
"Equal Angles","SA07505","Mild Steel Equal Angle 75x75x5mm","75.00","","","5.00","","","","","","5.270","6.0;9.0;12.0","300","AS/NZS 3679.1-300","","","","0.29","ASMUSS","","","","","","","","","","true"
"Equal Angles","SA10006","Mild Steel Equal Angle 100x100x6mm","100.00","","","6.00","","","","","","9.160","6.0;9.0;12.0","300","AS/NZS 3679.1-300","","","","0.39","ASMUSS","","","","","","","","","","true"
"Unequal Angles","SUA12507506","Mild Steel Unequal Angle 125x75x6mm","125.00","125.00","75.00","6.00","","","","","","9.160","6.0;9.0;12.0","300","AS/NZS 3679.1-300","","","","0.39","ASMUSS","","","","","","","","","","true"
"Squares","SQ10","Mild Steel Square 10mm","10.00","","","10.00","","10.00","","","","0.790","6","300","AS/NZS 3679.1-300","","","","0.04","ASMUSS","","","","","","","","","","true"
"Squares","SQ20","Mild Steel Square 20mm","20.00","","","20.00","","20.00","","","","3.140","6","300","AS/NZS 3679.1-300","","","","0.08","ASMUSS","","","","","","","","","","true"
"Squares","SQ75","Mild Steel Square 75mm","75.00","","","75.00","","75.00","","","","44.180","6","300","AS/NZS 3679.1-300","","","","0.30","ASMUSS","","","","","","","","","","true"
"Structural Channels","SC200075","Mild Steel Channel 200x75x12mm","200.00","","","12.00","","75.00","12.00","6.00","","22.900","6.0;9.0;10.5;12.0;15.0;16.5;18.0","G300","AS3679.1","","","","0.91","ASMUSS","","","","","","","","","","true"
"Structural Channels","SC250090","Mild Steel Channel 250x90x15mm","250.00","","","15.00","","90.00","15.00","8.00","","35.500","6.0;9.0;10.5;12.0;15.0;16.5;18.0","G300","AS3679.1","","","","1.13","ASMUSS","","","","","","","","","","true"
"Structural Channels","SC380100","Mild Steel Channel 380x100x17.5mm","380.00","","","17.50","","100.00","17.50","10.00","","55.200","6.0;9.0;12.0;16.5;18.0","G300","AS3679.1","","","","1.67","ASMUSS","","","","","","","","","","true"
"Cold Formed Channels","SC102051CF","Cold Formed Channel 102x51x3mm","102.00","","","3.00","","51.00","3.00","3.00","","5.280","6","HA-250","AS1594","","","","0.50","ASMUSS","","","","","","","","","","true"
"Structural Channels","SC100050","Mild Steel Channel 100x50x6.7mm","100.00","","","6.70","","50.00","6.70","4.20","","8.330","6.0;9.0;12.0","G300","AS3679.1","","","","0.48","ASMUSS","","","","","","","","","","true"
"Universal Beams","SUB250037","Universal Beam 256x146x37mm","256.00","","","37.00","","146.00","10.90","6.40","","37.300","6.0;9.0;10.5;12.0;15.0;18.0","G300SO","AS3679.1","","","","1.26","ASMUSS","","","","","","","","","","true"
"Universal Beams","SUB310040","Universal Beam 304x165x40mm","304.00","","","40.00","","165.00","10.20","6.10","","40.400","6.0;9.0;10.5;12.0;13.5;15.0;16.5;18.0","G300SO","AS3679.1","","","","1.49","ASMUSS","","","","","","","","","","true"
"Universal Beams","SUB360045","Universal Beam 352x171x45mm","352.00","","","45.00","","171.00","9.70","6.90","","44.700","6.0;9.0;10.5;12.0;13.5;15.0;16.5;18.0","G300SO","AS3679.1","","","","1.70","ASMUSS","","","","","","","","","","true"
"Universal Beams","SUB360057","Universal Beam 359x172x57mm","359.00","","","57.00","","172.00","13.00","8.00","","56.700","6.0;9.0;10.5;12.0;15.0;18.0","G300SO","AS3679.1","","","","1.71","ASMUSS","","","","","","","","","","true"
"Universal Beams","SUB410060","Universal Beam 406x178x60mm","406.00","","","60.00","","178.00","12.80","7.80","","59.700","6.0;9.0;10.5;12.0;13.5;15.0;18.0","G300SO","AS3679.1","","","","1.91","ASMUSS","","","","","","","","","","true"
"Universal Beams","SUB460074","Universal Beam 457x190x74mm","457.00","","","74.00","","190.00","14.50","9.10","","74.600","6.0;9.0;12.0;15.0;18.0","G300SO","AS3679.1","","","","2.13","ASMUSS","","","","","","","","","","true"
"Universal Beams","SUB530082","Universal Beam 528x209x82mm","528.00","","","82.00","","209.00","13.20","9.60","","82.000","6.0;9.0;12.0;15.0;16.5;18.0","G300SO","AS3679.1","","","","2.46","ASMUSS","","","","","","","","","","true"
"Universal Beams","SUB610101","Universal Beam 602x228x101mm","602.00","","","101.00","","228.00","14.80","10.60","","101.000","6.0;9.0;12.0;15.0;18.0","G300SO","AS3679.1","","","","2.78","ASMUSS","","","","","","","","","","true"
"Universal Beams","SUB610125","Universal Beam 612x229x125mm","612.00","","","125.00","","229.00","19.60","11.90","","125.000","9.0;12.0;15.0;18.0","G300SO","AS3679.1","","","","2.80","ASMUSS","","","","","","","","","","true"
"Universal Beams","SUB360051","Universal Beam 356x171x51mm","356.00","","","51.00","","171.00","11.50","7.30","","50.700","6.0;9.0;10.5;12.0;13.5;15.0;18.0","G300SO","AS3679.1","","","","1.71","ASMUSS","","","","","","","","","","true"
"Universal Beams","SUB410054","Universal Beam 403x178x54mm","403.00","","","54.00","","178.00","10.90","7.60","","53.700","6.0;9.0;10.5;12.0;15.0;16.5;18.0","G300SO","AS3679.1","","","","1.91","ASMUSS","","","","","","","","","","true"
"Universal Beams","SUB460067","Universal Beam 454x190x67mm","454.00","","","67.00","","190.00","12.70","8.50","","67.100","6.0;9.0;12.0;13.5;15.0;16.5;18.0","G300SO","AS3679.1","","","","2.13","ASMUSS","","","","","","","","","","true"
"Universal Beams","SUB460082","Universal Beam 460x191x82mm","460.00","","","82.00","","191.00","16.00","9.90","","82.100","6.0;9.0;12.0;15.0;18.0","G300SO","AS3679.1","","","","2.14","ASMUSS","","","","","","","","","","true"
"Universal Beams","SUB530092","Universal Beam 533x209x92mm","533.00","","","92.00","","209.00","15.60","10.20","","92.400","6.0;9.0;12.0;15.0;18.0","G300SO","AS3679.1","","","","2.47","ASMUSS","","","","","","","","","","true"
"Universal Beams","SUB610113","Universal Beam 607x228x113mm","607.00","","","113.00","","228.00","17.30","11.20","","113.000","9.0;12.0;15.0;16.5;18.0","G300SO","AS3679.1","","","","2.79","ASMUSS","","","","","","","","","","true"
"Equal Angles","SA07510","Mild Steel Equal Angle 75x75x10mm","75.00","","","10.00","","","","","","10.500","6.0;9.0;12.0","300","AS/NZS 3679.1-300","","","","0.28","ASMUSS","","","","","","","","","","true"
"Equal Angles","SA09008","Mild Steel Equal Angle 90x90x8mm","90.00","","","8.00","","","","","","10.600","6.0;9.0;12.0","300","AS/NZS 3679.1-300","","","","0.34","ASMUSS","","","","","","","","","","true"
"Equal Angles","SA12508","Mild Steel Equal Angle 125x125x8mm","125.00","","","8.00","","","","","","14.900","9","300","AS/NZS 3679.1-300","","","","0.48","ASMUSS","","","","","","","","","","true"
"Equal Angles","SA06506","Mild Steel Equal Angle 65x65x6mm","65.00","","","6.00","","","","","","5.870","6.0;9.0","300","AS/NZS 3679.1-300","","","","0.25","ASMUSS","","","","","","","","","","true"
"Equal Angles","SA10010","Mild Steel Equal Angle 100x100x10mm","100.00","","","10.00","","","","","","14.200","6.0;9.0;12.0","300","AS/NZS 3679.1-300","","","","0.38","ASMUSS","","","","","","","","","","true"
"Equal Angles","SA12510","Mild Steel Equal Angle 125x125x10mm","125.00","","","10.00","","","","","","18.000","6.0;9.0;12.0","300","AS/NZS 3679.1-300","","","","0.48","ASMUSS","","","","","","","","","","true"
"Equal Angles","SA15010","Mild Steel Equal Angle 150x150x10mm","150.00","","","10.00","","","","","","21.900","6.0;9.0;12.0","300","AS/NZS 3679.1-300","","","","0.58","ASMUSS","","","","","","","","","","true"
"Equal Angles","SA15012","Mild Steel Equal Angle 150x150x12mm","150.00","","","12.00","","","","","","27.300","6.0;9.0;12.0","300","AS/NZS 3679.1-300","","","","0.58","ASMUSS","","","","","","","","","","true"
"Equal Angles","SA15016","Mild Steel Equal Angle 150x150x16mm","150.00","","","16.00","","","","","","35.400","12","300","AS/NZS 3679.1-300","","","","0.57","ASMUSS","","","","","","","","","","true"
"Unequal Angles","SUA07505005","Mild Steel Unequal Angle 75x50x5mm","75.00","75.00","50.00","5.00","","","","","","4.400","6.0;9.0","300","AS/NZS 3679.1-300","","","","0.29","ASMUSS","","","","","","","","","","true"
"Unequal Angles","SUA07505006","Mild Steel Unequal Angle 75x50x6mm","75.00","75.00","50.00","6.00","","","","","","5.660","6.0;9.0","300","AS/NZS 3679.1-300","","","","0.29","ASMUSS","","","","","","","","","","true"
"Unequal Angles","SUA15009008","Mild Steel Unequal Angle 150x90x8mm","150.00","150.00","90.00","8.00","","","","","","14.300","6.0;9.0;12.0","300","AS/NZS 3679.1-300","","","","0.46","ASMUSS","","","","","","","","","","true"
"Unequal Angles","SUA12507510","Mild Steel Unequal Angle 125x75x10mm","125.00","125.00","75.00","10.00","","","","","","14.200","6.0;9.0;12.0","300","AS/NZS 3679.1-300","","","","0.38","ASMUSS","","","","","","","","","","true"
"Unequal Angles","SUA15010010","Mild Steel Unequal Angle 150x100x10mm","150.00","150.00","100.00","10.00","","","","","","18.000","6.0;9.0;12.0","300","AS/NZS 3679.1-300","","","","0.48","ASMUSS","","","","","","","","","","true"
"SHS","SHS02520","Square Hollow Section 25x25x2mm","1200.00","","","25.00","","25.00","","","2400.00","1.360","8.0;12.0","C350LO","AS/NZS 1163","","","","0.18","ASMUSS","","","","","","","","","","true"
"SHS","SHS02530","Square Hollow Section 25x25x3mm","1200.00","","","25.00","","25.00","","","2400.00","1.890","8.0;12.0","C350LO","AS/NZS 1163","","","","0.18","ASMUSS","","","","","","","","","","true"
"Unequal Angles","SUA10007506","Mild Steel Unequal Angle 100x75x6mm","100.00","100.00","75.00","6.00","","","","","","7.980","6.0;9.0;12.0","300","AS/NZS 3679.1-300","","","","0.34","ASMUSS","","","","","","","","","","true"
"Unequal Angles","SUA15010012","Mild Steel Unequal Angle 150x100x12mm","150.00","150.00","100.00","12.00","","","","","","22.500","6.0;12.0","300","AS/NZS 3679.1-300","","","","0.48","ASMUSS","","","","","","","","","","true"
"Unequal Angles","SUA15009010","Mild Steel Unequal Angle 150x90x10mm","150.00","150.00","90.00","10.00","","","","","","17.300","6.0;9.0;12.0","300","AS/NZS 3679.1-300","","","","0.46","ASMUSS","","","","","","","","","","true"
"SHS","SHS03016","Square Hollow Section 30x30x1.6mm","1200.00","","","30.00","","30.00","","","2400.00","1.380","8","C350LO","AS/NZS 1163","","","","0.23","ASMUSS","","","","","","","","","","true"
"SHS","SHS03520","Square Hollow Section 35x35x2mm","1200.00","","","35.00","","35.00","","","2400.00","1.990","8.0;12.0","C350LO","AS/NZS 1163","","","","0.26","ASMUSS","","","","","","","","","","true"
"SHS","SHS04025","Square Hollow Section 40x40x2.5mm","1200.00","","","40.00","","40.00","","","2400.00","2.820","8.0;12.0","C350LO","AS/NZS 1163","","","","0.30","ASMUSS","","","","","","","","","","true"
"SHS","SHS05020","Square Hollow Section 50x50x2mm","1200.00","","","50.00","","50.00","","","2400.00","2.930","8.0;12.0","C350LO","AS/NZS 1163","","","","0.38","ASMUSS","","","","","","","","","","true"
"SHS","SHS05025","Square Hollow Section 50x50x2.5mm","1200.00","","","50.00","","50.00","","","2400.00","3.600","8.0;12.0","C350LO","AS/NZS 1163","","","","0.38","ASMUSS","","","","","","","","","","true"
"SHS","SHS05040","Square Hollow Section 50x50x4mm","1200.00","","","50.00","","50.00","","","2400.00","5.350","8.0;12.0","C350LO","AS/NZS 1163","","","","0.37","ASMUSS","","","","","","","","","","true"
"SHS","SHS05050","Square Hollow Section 50x50x5mm","1200.00","","","50.00","","50.00","","","2400.00","6.390","8.0;12.0","C350LO","AS/NZS 1163","","","","0.36","ASMUSS","","","","","","","","","","true"
"SHS","SHS05060","Square Hollow Section 50x50x6mm","1200.00","","","50.00","","50.00","","","2400.00","7.320","8.0;12.0","C350LO","AS/NZS 1163","","","","0.35","ASMUSS","","","","","","","","","","true"
"SHS","SHS06520","Square Hollow Section 65x65x2mm","1200.00","","","65.00","","65.00","","","2400.00","3.880","8.0;12.0","C350LO","AS/NZS 1163","","","","0.50","ASMUSS","","","","","","","","","","true"
"SHS","SHS06525","Square Hollow Section 65x65x2.5mm","1200.00","","","65.00","","65.00","","","2400.00","4.780","8.0;12.0","C350LO","AS/NZS 1163","","","","0.50","ASMUSS","","","","","","","","","","true"
"SHS","SHS06540","Square Hollow Section 65x65x4mm","1200.00","","","65.00","","65.00","","","2400.00","7.230","8.0;12.0","C350LO","AS/NZS 1163","","","","0.49","ASMUSS","","","","","","","","","","true"
"SHS","SHS06550","Square Hollow Section 65x65x5mm","1200.00","","","65.00","","65.00","","","2400.00","8.750","8.0;12.0","C350LO","AS/NZS 1163","","","","0.48","ASMUSS","","","","","","","","","","true"
"SHS","SHS06560","Square Hollow Section 65x65x6mm","1200.00","","","65.00","","65.00","","","2400.00","10.100","8.0;12.0","C350LO","AS/NZS 1163","","","","0.47","ASMUSS","","","","","","","","","","true"
"SHS","SHS07525","Square Hollow Section 75x75x2.5mm","1200.00","","","75.00","","75.00","","","2400.00","5.560","8","C350LO","AS/NZS 1163","","","","0.58","ASMUSS","","","","","","","","","","true"
"SHS","SHS07530","Square Hollow Section 75x75x3mm","1200.00","","","75.00","","75.00","","","2400.00","6.600","8.0;12.0","C350LO","AS/NZS 1163","","","","0.58","ASMUSS","","","","","","","","","","true"
"SHS","SHS07560","Square Hollow Section 75x75x6mm","1200.00","","","75.00","","75.00","","","2400.00","12.000","8.0;12.0","C350LO","AS/NZS 1163","","","","0.55","ASMUSS","","","","","","","","","","true"
"SHS","SHS08935","Square Hollow Section 89x89x3.5mm","1200.00","","","89.00","","89.00","","","2400.00","9.070","8.0;12.0","C350LO","AS/NZS 1163","","","","0.68","ASMUSS","","","","","","","","","","true"
"SHS","SHS08950","Square Hollow Section 89x89x5mm","1200.00","","","89.00","","89.00","","","2400.00","12.500","8.0;12.0","C350LO","AS/NZS 1163","","","","0.67","ASMUSS","","","","","","","","","","true"
"SHS","SHS10030","Square Hollow Section 100x100x3mm","1200.00","","","100.00","","100.00","","","2400.00","8.960","8.0;12.0","C350LO","AS/NZS 1163","","","","0.78","ASMUSS","","","","","","","","","","true"
"SHS","SHS10040","Square Hollow Section 100x100x4mm","1200.00","","","100.00","","100.00","","","2400.00","11.600","8.0;12.0","C350LO","AS/NZS 1163","","","","0.77","ASMUSS","","","","","","","","","","true"
"SHS","SHS10050","Square Hollow Section 100x100x5mm","1200.00","","","100.00","","100.00","","","2400.00","14.200","8.0;12.0","C350LO","AS/NZS 1163","","","","0.76","ASMUSS","","","","","","","","","","true"
"SHS","SHS10060","Square Hollow Section 100x100x6mm","1200.00","","","100.00","","100.00","","","2400.00","16.700","8.0;12.0","C350LO","AS/NZS 1163","","","","0.75","ASMUSS","","","","","","","","","","true"
"SHS","SHS10090","Square Hollow Section 100x100x9mm","1200.00","","","100.00","","100.00","","","2400.00","23.500","8.0;12.0","C350LO","AS/NZS 1163","","","","0.73","ASMUSS","","","","","","","","","","true"
"SHS","SHS12540","Square Hollow Section 125x125x4mm","1200.00","","","125.00","","125.00","","","2400.00","14.800","8.0;12.0","C350LO","AS/NZS 1163","","","","0.97","ASMUSS","","","","","","","","","","true"
"SHS","SHS12590","Square Hollow Section 125x125x9mm","1200.00","","","125.00","","125.00","","","2400.00","30.600","8.0;12.0","C350LO","AS/NZS 1163","","","","0.93","ASMUSS","","","","","","","","","","true"
"SHS","SHS20060","Square Hollow Section 200x200x6mm","1200.00","","","200.00","","200.00","","","2400.00","35.600","8.0;12.0","C350LO","AS/NZS 1163","","","","1.55","ASMUSS","","","","","","","","","","true"
"SHS","SHS20090","Square Hollow Section 200x200x9mm","1200.00","","","200.00","","200.00","","","2400.00","51.800","8.0;12.0","C350LO","AS/NZS 1163","","","","1.53","ASMUSS","","","","","","","","","","true"
"SHS","SHS25060","Square Hollow Section 250x250x6mm","1200.00","","","250.00","","250.00","","","2400.00","45.000","8.0;12.0","C350LO","AS/NZS 1163","","","","1.95","ASMUSS","","","","","","","","","","true"
"SHS","SHS25090","Square Hollow Section 250x250x9mm","1200.00","","","250.00","","250.00","","","2400.00","65.900","8.0;12.0","C350LO","AS/NZS 1163","","","","1.93","ASMUSS","","","","","","","","","","true"
"SHS","SHS300125","Square Hollow Section 300x300x12.5mm","1200.00","","","300.00","","300.00","","","2400.00","107.000","12","C350LO","AS/NZS 1163","","","","2.30","ASMUSS","","","","","","","","","","true"
"Squares","SQ08","Mild Steel Square 8mm","8.00","","","8.00","","8.00","","","","0.500","6","300","AS/NZS 3679.1-300","","","","0.03","ASMUSS","","","","","","","","","","true"
"Squares","SQ12","Mild Steel Square 12mm","12.00","","","12.00","","12.00","","","","1.130","6","300","AS/NZS 3679.1-300","","","","0.05","ASMUSS","","","","","","","","","","true"
"Squares","SQ16","Mild Steel Square 16mm","16.00","","","16.00","","16.00","","","","2.010","6","300","AS/NZS 3679.1-300","","","","0.06","ASMUSS","","","","","","","","","","true"
"Squares","SQ32","Mild Steel Square 32mm","32.00","","","32.00","","32.00","","","","8.040","6","300","AS/NZS 3679.1-300","","","","0.13","ASMUSS","","","","","","","","","","true"
"SHS","SHS15060","Square Hollow Section 150x150x6mm","1200.00","","","150.00","","150.00","","","2400.00","26.200","8.0;12.0","C350LO","AS/NZS 1163","","","","1.15","ASMUSS","","","","","","","","","","true"
"SHS","SHS20050","Square Hollow Section 200x200x5mm","1200.00","","","200.00","","200.00","","","2400.00","29.900","8.0;12.0","C350LO","AS/NZS 1163","","","","1.56","ASMUSS","","","","","","","","","","true"
"Mild Steel Plates","SPL003","Mild Steel Plate 3mm","2400.00","","","3.00","","","","","1200.00","23.600","2400x1200, 3000x1520, 3600x1520, 3600x1800","G250","AS1594 & AS3678","","","","4.81","ASMUSS","","","","","","","","","","true"
"Mild Steel Plates","SPL004","Mild Steel Plate 4mm","2400.00","","","4.00","","","","","1200.00","31.400","2400x1200, 3000x1520, 3600x1520, 3600x1800","G250","AS1594 & AS3678","","","","4.81","ASMUSS","","","","","","","","","","true"
"Mild Steel Plates","SPL005","Mild Steel Plate 5mm","2400.00","","","5.00","","","","","1200.00","39.300","2400x1200, 3000x1520, 3600x1520, 3600x1800","G250","AS1594 & AS3678","","","","4.81","ASMUSS","","","","","","","","","","true"
"Mild Steel Plates","SPL006","Mild Steel Plate 6mm","2400.00","","","6.00","","","","","1200.00","47.100","2400x1200, 3000x1520, 3600x1520","G250","AS1594 & AS3678","","","","4.81","ASMUSS","","","","","","","","","","true"
"Mild Steel Plates","SPL008","Mild Steel Plate 8mm","2400.00","","","8.00","","","","","1200.00","62.800","2400x1200, 3000x1520, 3600x1520","G250","AS1594 & AS3678","","","","4.82","ASMUSS","","","","","","","","","","true"
"Mild Steel Plates","SPL010","Mild Steel Plate 10mm","2400.00","","","10.00","","","","","1200.00","78.500","2400x1200, 3000x1520, 3600x1520","G250","AS1594 & AS3678","","","","4.82","ASMUSS","","","","","","","","","","true"
"Mild Steel Plates","SPL012","Mild Steel Plate 12mm","2400.00","","","12.00","","","","","1200.00","94.200","2400x1200, 3600x1520","G250","AS1594 & AS3678","","","","4.82","ASMUSS","","","","","","","","","","true"
"Mild Steel Plates","SPL016","Mild Steel Plate 16mm","2400.00","","","16.00","","","","","1200.00","125.600","2400x1200, 3600x1520","G250","AS1594 & AS3678","","","","4.83","ASMUSS","","","","","","","","","","true"
"Mild Steel Plates","SPL020","Mild Steel Plate 20mm","2400.00","","","20.00","","","","","1200.00","157.000","2400x1200, 3000x1520, 3600x1520","G250","AS1594 & AS3678","","","","4.84","ASMUSS","","","","","","","","","","true"
"Mild Steel Plates","SPL025","Mild Steel Plate 25mm","2400.00","","","25.00","","","","","1200.00","196.300","2400x1200, 3600x1520","G250","AS1594 & AS3678","","","","4.85","ASMUSS","","","","","","","","","","true"
"Mild Steel Plates","SPL032","Mild Steel Plate 32mm","2400.00","","","32.00","","","","","1200.00","251.200","2400x1200, 3600x1520","G250","AS1594 & AS3678","","","","4.86","ASMUSS","","","","","","","","","","true"
"Mild Steel Plates","SPL040","Mild Steel Plate 40mm","2400.00","","","40.00","","","","","1200.00","314.000","2400x1200","G250","AS1594 & AS3678","","","","4.88","ASMUSS","","","","","","","","","","true"
"Mild Steel Plates","SPL050","Mild Steel Plate 50mm","2400.00","","","50.00","","","","","1200.00","392.500","2400x1200","G250","AS1594 & AS3678","","","","4.90","ASMUSS","","","","","","","","","","true"
"Mild Steel Chequer Plates","SPLF03","Mild Steel Chequer Plate 3mm","2400.00","","","3.00","","","","","1220.00","25.650","2400x1220, 3600x1520","HA1","AS1594","","","","4.81","ASMUSS","","","","","","","","","","true"
"Mild Steel Chequer Plates","SPLF05","Mild Steel Chequer Plate 5mm","2400.00","","","5.00","","","","","1220.00","41.350","2400x1220, 3600x1520","HA1","AS1594","","","","4.81","ASMUSS","","","","","","","","","","true"
"Mild Steel Chequer Plates","SPLF06","Mild Steel Chequer Plate 6mm","2400.00","","","6.00","","","","","1220.00","49.200","2400x1220, 3600x1520","HA1","AS1594","","","","4.81","ASMUSS","","","","","","","","","","true"
"Mild Steel Chequer Plates","SPLF08","Mild Steel Chequer Plate 8mm","2400.00","","","8.00","","","","","1220.00","64.900","2400x1220, 3600x1520","HA1","AS1594","","","","4.82","ASMUSS","","","","","","","","","","true"
"Mild Steel Chequer Plates","SPLF10","Mild Steel Chequer Plate 10mm","2400.00","","","10.00","","","","","1220.00","80.600","2400x1220, 3600x1520","HA1","AS1594","","","","4.82","ASMUSS","","","","","","","","","","true"
"Weather Resistant Plates","WRP25","Weather Resistant Plate 2.5mm","2500.00","","","2.50","","","","","1250.00","19.630","2500x1250","HW350","AS1594","","","","5.01","ASMUSS","","","","","","","","","","true"
"Weather Resistant Plates","WRP3","Weather Resistant Plate 3mm","2500.00","","","3.00","","","","","1250.00","23.600","2500x1250","HW350","AS1594","","","","5.01","ASMUSS","","","","","","","","","","true"
"Weather Resistant Plates","WRP4","Weather Resistant Plate 4mm","2500.00","","","4.00","","","","","1250.00","31.400","2500x1250","HW350","AS1594","","","","5.01","ASMUSS","","","","","","","","","","true"
"Weather Resistant Plates","WRP5","Weather Resistant Plate 5mm","2500.00","","","5.00","","","","","1250.00","39.300","2500x1250","HW350","AS1594","","","","5.01","ASMUSS","","","","","","","","","","true"
"Weather Resistant Plates","WRP6","Weather Resistant Plate 6mm","2500.00","","","6.00","","","","","1250.00","47.100","2500x1250","HW350","AS1594","","","","5.01","ASMUSS","","","","","","","","","","true"
"Cold Rolled Sheets","SHCR10","Cold Rolled Sheet 1.0mm","2438.00","","","1.00","","","","","1219.00","7.850","2438x1219","SPCC SD","JIS G3141","","","","4.88","ASMUSS","","","","","","","","","","true"
"Cold Rolled Sheets","SHCR12","Cold Rolled Sheet 1.2mm","2438.00","","","1.20","","","","","1219.00","9.420","2438x1219","SPCC SD","JIS G3141","","","","4.88","ASMUSS","","","","","","","","","","true"
"Cold Rolled Sheets","SHCR16","Cold Rolled Sheet 1.6mm","2438.00","","","1.60","","","","","1219.00","12.560","2438x1219","SPCC SD","JIS G3141","","","","4.88","ASMUSS","","","","","","","","","","true"
"Cold Rolled Sheets","SHCR25","Cold Rolled Sheet 2.5mm","2438.00","","","2.50","","","","","1219.00","19.630","2438x1219","SPCC SD","JIS G3141","","","","4.88","ASMUSS","","","","","","","","","","true"
"Cold Rolled Sheets","SHCR30","Cold Rolled Sheet 3.0mm","2438.00","","","3.00","","","","","1219.00","23.550","2438x1219","SPCC SD","JIS G3141","","","","4.88","ASMUSS","","","","","","","","","","true"
"Electrogalvanised Sheets","SHEG08","Electrogalvanised Sheet 0.8mm","2438.00","","","0.80","","","","","1219.00","6.280","2438x1219","SECC-P","JIS G3313","","","","4.88","ASMUSS","","","","","","","","","","true"
"Electrogalvanised Sheets","SHEG10","Electrogalvanised Sheet 1.0mm","2438.00","","","1.00","","","","","1219.00","7.850","2438x1219","SECC-P","JIS G3313","","","","4.88","ASMUSS","","","","","","","","","","true"
"Galvanized Sheets","SHG300","Galvanized Sheet 3.0mm","2438.00","","","3.00","","","","","1219.00","23.890","2438x1219","S250 Z275","JIS G3302","","","","4.88","ASMUSS","","","","","","","","","","true"